mean_rri,cvrr,sdrr,sdsd,lf,hf,ratio,heart_rate,mini,maxi,mean,median,std,variance,pressure_matrix_0_0,pressure_matrix_0_1,pressure_matrix_0_2,pressure_matrix_0_3,pressure_matrix_0_4,pressure_matrix_0_5,pressure_matrix_0_6,pressure_matrix_0_7,pressure_matrix_1_0,pressure_matrix_1_1,pressure_matrix_1_2,pressure_matrix_1_3,pressure_matrix_1_4,pressure_matrix_1_5,pressure_matrix_1_6,pressure_matrix_1_7,pressure_matrix_2_0,pressure_matrix_2_1,pressure_matrix_2_2,pressure_matrix_2_3,pressure_matrix_2_4,pressure_matrix_2_5,pressure_matrix_2_6,pressure_matrix_2_7,pressure_matrix_3_0,pressure_matrix_3_1,pressure_matrix_3_2,pressure_matrix_3_3,pressure_matrix_3_4,pressure_matrix_3_5,pressure_matrix_3_6,pressure_matrix_3_7,pressure_matrix_4_0,pressure_matrix_4_1,pressure_matrix_4_2,pressure_matrix_4_3,pressure_matrix_4_4,pressure_matrix_4_5,pressure_matrix_4_6,pressure_matrix_4_7,pressure_matrix_5_0,pressure_matrix_5_1,pressure_matrix_5_2,pressure_matrix_5_3,pressure_matrix_5_4,pressure_matrix_5_5,pressure_matrix_5_6,pressure_matrix_5_7,pressure_matrix_6_0,pressure_matrix_6_1,pressure_matrix_6_2,pressure_matrix_6_3,pressure_matrix_6_4,pressure_matrix_6_5,pressure_matrix_6_6,pressure_matrix_6_7,pressure_matrix_7_0,pressure_matrix_7_1,pressure_matrix_7_2,pressure_matrix_7_3,pressure_matrix_7_4,pressure_matrix_7_5,pressure_matrix_7_6,pressure_matrix_7_7,wetness_matrix_0_0,wetness_matrix_0_1,wetness_matrix_0_2,wetness_matrix_0_3,wetness_matrix_0_4,wetness_matrix_0_5,wetness_matrix_0_6,wetness_matrix_0_7,wetness_matrix_1_0,wetness_matrix_1_1,wetness_matrix_1_2,wetness_matrix_1_3,wetness_matrix_1_4,wetness_matrix_1_5,wetness_matrix_1_6,wetness_matrix_1_7,wetness_matrix_2_0,wetness_matrix_2_1,wetness_matrix_2_2,wetness_matrix_2_3,wetness_matrix_2_4,wetness_matrix_2_5,wetness_matrix_2_6,wetness_matrix_2_7,wetness_matrix_3_0,wetness_matrix_3_1,wetness_matrix_3_2,wetness_matrix_3_3,wetness_matrix_3_4,wetness_matrix_3_5,wetness_matrix_3_6,wetness_matrix_3_7,wetness_matrix_4_0,wetness_matrix_4_1,wetness_matrix_4_2,wetness_matrix_4_3,wetness_matrix_4_4,wetness_matrix_4_5,wetness_matrix_4_6,wetness_matrix_4_7,wetness_matrix_5_0,wetness_matrix_5_1,wetness_matrix_5_2,wetness_matrix_5_3,wetness_matrix_5_4,wetness_matrix_5_5,wetness_matrix_5_6,wetness_matrix_5_7,wetness_matrix_6_0,wetness_matrix_6_1,wetness_matrix_6_2,wetness_matrix_6_3,wetness_matrix_6_4,wetness_matrix_6_5,wetness_matrix_6_6,wetness_matrix_6_7,wetness_matrix_7_0,wetness_matrix_7_1,wetness_matrix_7_2,wetness_matrix_7_3,wetness_matrix_7_4,wetness_matrix_7_5,wetness_matrix_7_6,wetness_matrix_7_7,discomfort_level
1194.6336,43.0046,513.7475,438.5067,769.0859,1294.4461,0.5941,50.0,48.2,490.99999999999994,473.99321796071104,474.65000000000003,11.264139193534804,126.88083177132692,1,18,29,25,16,35,42,22,2,42,31,46,42,91,62,27,2,40,25,38,30,45,58,47,0,38,32,36,23,71,67,26,10,36,35,47,40,60,68,34,2,29,31,59,44,39,59,32,0,16,11,24,15,20,15,13,4,27,25,42,33,34,24,34,75,320,343,360,507,159,131,541,0,93,77,39,54,17,26,59,91,396,423,416,438,166,137,340,0,122,105,53,64,25,34,71,119,387,414,351,533,173,141,343,111,308,327,323,347,161,136,315,0,127,114,79,84,18,12,202,0,106,74,41,41,0,11,53,1
1718.3576,52.2356,897.5936,1005.4456,3527.2396,1313.3299,2.6857,35.0,42.0,477.4,464.15190735694824,465.6,11.924064768889453,142.18332061267068,0,19,32,13,10,29,41,22,1,45,33,44,38,86,62,30,0,34,25,33,23,41,58,48,0,36,31,34,22,66,66,24,9,42,36,45,33,60,69,38,4,32,37,55,24,32,59,31,0,16,20,25,14,24,14,9,1,35,34,41,25,42,34,29,77,323,342,362,502,142,115,558,0,94,74,41,52,17,24,60,87,400,427,416,433,149,113,323,0,130,109,56,66,2479,38,73,106,384,406,346,525,161,127,325,106,330,347,309,326,160,127,306,0,118,103,71,74,22,9,188,0,102,66,38,39,0,7,47,1
2128.2308,43.0711,916.6526,810.6024,1745.8624,927.2429,1.8829,28.0,48.7,492.6,477.62480715287523,478.0,11.148303946721052,124.2846808884762,0,17,28,23,3,37,40,12,0,45,37,52,40,74,56,25,0,32,23,31,24,40,56,44,4,34,26,37,19,67,57,19,9,49,37,46,31,57,71,36,0,29,32,60,33,32,53,29,0,12,19,23,14,26,16,10,0,28,25,39,28,51,34,25,64,303,321,344,486,127,100,520,0,93,79,42,52,17,28,60,85,401,427,424,440,152,119,337,0,125,106,56,65,28,37,77,107,380,404,349,527,155,122,340,101,321,342,312,331,146,111,308,0,130,116,85,87,23,18,208,0,105,71,42,37,0,10,53,1
1514.4552,43.2459,654.9395,597.0588,1224.5697,1315.3779,0.931,40.0,48.900000000000006,492.50000000000006,479.81708984375,480.29999999999995,10.913632482032078,119.10737395286564,0,17,29,23,12,33,41,20,2,47,32,62,47,77,61,26,0,34,26,37,31,42,48,44,7,42,33,39,24,67,64,22,10,56,44,56,36,64,79,40,0,35,39,71,58,46,72,34,0,16,21,30,23,49,22,12,3,40,33,56,51,76,52,33,76,325,335,368,518,141,109,568,0,93,73,40,52,19,27,60,81,391,401,412,431,150,115,321,0,125,97,50,64,30,41,74,104,375,387,343,527,156,120,326,102,322,331,311,335,153,116,316,0,123,103,78,83,25,10,201,0,104,63,41,37,0,3,51,1
1460.8227,56.9991,832.6554,899.3656,2580.3506,1483.654,1.7392,41.0,48.900000000000006,495.4,481.6867364746946,482.20000000000005,11.910111535653813,141.85075679171405,0,17,35,19,9,29,37,22,0,48,38,53,49,82,59,33,1,37,25,33,28,39,47,49,13,36,31,35,19,65,65,26,10,54,40,52,40,67,76,35,5,21,36,72,58,50,75,33,0,14,19,28,16,30,18,10,2,33,31,57,47,78,46,26,76,330,356,377,527,145,110,573,0,92,71,35,44,19,26,53,70,395,422,415,430,155,115,329,0,119,99,49,57,30,39,68,105,378,405,348,531,161,121,337,87,291,307,278,297,141,104,271,0,121,107,74,78,27,17,198,0,90,62,34,29,0,6,41,3
1204.1709,42.7959,515.3353,471.7376,1076.93,1217.6059,0.8845,50.0,49.0,493.69999999999993,483.1139410187668,483.5000000000001,11.174436279176643,124.86802615737915,0,12,18,19,9,17,35,12,1,38,36,51,48,72,53,23,0,30,25,34,27,35,51,44,10,40,28,38,24,68,59,13,0,57,40,51,29,65,68,31,2,32,34,75,61,47,67,31,0,20,20,27,22,30,18,9,0,40,29,57,46,68,38,26,59,308,304,348,466,129,102,575,0,89,62,31,36,15,22,44,82,403,422,419,435,159,113,286,0,109,90,42,45,20,33,48,107,386,409,357,537,167,125,310,97,309,326,298,319,151,113,302,0,112,98,66,69,22,9,189,0,80,54,28,22,0,6,26,1
2017.3204,44.4337,896.3702,772.57,1514.1388,1245.1777,1.216,30.0,48.0,501.8,483.70615413393193,484.1,11.702801563989999,136.95556444612677,0,14,17,19,8,17,21,11,6,43,28,53,42,68,50,24,5,29,22,22,22,29,41,44,15,42,26,36,22,56,50,17,17,51,36,48,39,53,68,30,8,30,33,67,43,39,64,27,0,16,13,19,24,34,19,5,4,34,28,47,43,57,47,26,64,302,328,348,497,128,94,563,0,92,73,33,44,22,26,55,71,378,411,400,422,142,101,300,0,120,99,53,66,28,36,64,88,361,394,335,520,148,107,305,85,305,319,300,324,141,99,310,0,125,113,68,97,48,33,211,0,101,68,30,30,0,7,40,1
1618.3638,36.4165,589.3511,496.177,840.9563,731.9779,1.1489,37.0,45.6,487.90000000000003,474.7776608187135,475.20000000000005,11.08851621520575,122.95519185488087,0,1,11,15,11,36,51,20,0,26,15,40,57,101,81,23,0,30,8,32,39,51,64,34,0,36,13,43,55,76,82,12,0,38,15,70,76,98,103,33,0,24,14,72,93,96,115,34,0,10,4,25,20,59,33,1,0,15,12,42,45,112,68,29,0,14,98,89,215,47,6,147,0,11,38,10,6,30,6,0,176,198,559,592,609,541,284,158,0,13,94,34,36,64,9,0,0,0,0,0,101,0,0,0,0,3,120,83,83,89,7,0,0,8,133,82,77,86,7,74,0,9,56,18,5,30,1,0,0
1454.7861,47.7128,694.1192,797.208,2112.005,1451.1041,1.4554,41.0,49.0,483.70000000000005,470.6787722845066,471.1000000000001,11.225208737149883,126.00531119258605,0,7,13,20,15,45,51,21,0,25,17,47,56,111,85,20,0,34,11,33,38,56,74,36,0,47,15,58,51,74,84,11,0,50,17,81,79,100,100,31,0,27,16,62,87,97,109,34,0,13,8,29,8,51,26,1,0,18,13,42,35,94,67,34,0,10,97,87,213,47,0,149,0,8,60,22,21,41,0,0,95,111,490,511,536,478,178,80,0,9,104,37,44,71,0,0,121,136,472,439,620,463,205,114,0,0,110,67,77,84,0,0,0,0,128,69,67,77,0,55,0,0,52,13,0,28,0,0,0
1424.5313,56.3041,802.069,673.6142,1600.5677,1068.491,1.498,42.0,47.7,482.70000000000005,469.7269699608185,470.3,12.233612250805539,149.66126870305936,0,10,16,20,17,44,55,20,0,31,19,42,62,112,86,27,0,36,12,41,43,58,74,36,0,48,15,56,55,75,84,13,0,48,15,80,81,99,100,31,0,28,16,66,96,96,109,34,0,13,8,27,19,56,32,1,0,18,11,47,39,98,69,26,3,14,103,92,217,49,0,152,0,11,63,22,21,40,0,0,85,102,484,506,531,475,170,80,0,9,109,41,46,73,1,0,115,127,473,444,625,466,195,101,0,0,117,63,67,80,0,0,0,0,119,65,64,74,0,60,0,0,52,13,2,28,0,0,0
1038.2391,59.2018,614.656,677.4922,2110.6516,1561.5897,1.3516,58.0,46.300000000000004,465.4,451.94654255319153,452.6,13.6679680615014,186.81335093022233,0,4,1,0,0,195,0,0,2,67,256,284,305,253,323,59,0,14,0,0,0,196,216,201,0,18,0,226,219,195,215,0,0,22,5,222,216,184,222,207,0,9,0,231,224,181,224,0,0,0,0,0,195,189,0,0,0,10,0,0,204,172,218,0,0,0,206,173,174,0,0,207,0,0,0,0,0,0,0,0,28,239,413,419,408,225,228,422,0,5,202,157,147,0,0,181,0,0,0,0,0,0,0,0,249,233,416,423,412,238,234,424,0,0,175,154,149,0,0,182,0,0,192,0,176,0,0,0,0
1054.9828,46.3473,488.9555,484.7104,896.6809,1493.0096,0.6006,57.0,24.8,486.1000000000001,234.07723728813562,222.9,54.59955226265759,2981.1111072826775,1,0,0,0,5,236,30,15,95,44,310,337,435,333,283,197,8,30,23,24,7,213,234,222,14,28,28,242,236,212,232,15,22,64,50,248,221,184,248,228,16,30,25,249,227,201,236,15,6,28,17,15,218,222,19,20,10,32,20,27,228,215,237,17,0,4,226,191,194,52,0,223,0,0,5,2,3,15,0,5,59,272,469,470,464,507,301,474,0,0,196,175,165,39,0,190,3,6,4,2,0,12,5,2,294,286,487,488,484,498,317,494,0,0,194,167,166,50,0,197,0,9,228,0,205,30,0,4,2
1212.0903,54.2779,657.8966,547.5764,1273.8262,1118.7644,1.1386,50.0,18.900000000000002,24830.9,275.6831744868035,229.3,1052.330911922818,1107400.3481883097,2,2,0,0,8,235,31,19,61,6,254,266,279,240,282,87,10,31,25,27,10,215,237,230,19,33,29,246,240,214,237,20,23,65,52,251,224,187,256,234,18,33,28,255,229,203,242,15,9,31,20,17,220,223,23,21,14,32,26,31,230,220,242,21,0,7,232,197,200,61,0,228,0,2,6,3,4,17,0,5,54,270,465,465,462,512,299,471,0,3,199,177,169,45,0,194,4,8,6,5,2,14,7,5,283,274,483,483,481,501,309,489,0,0,200,175,175,60,0,200,0,10,228,0,207,32,0,6,2
3341.5076,42.6801,1426.1581,1322.7411,2911.9931,443.6047,6.5644,18.0,30.6,495.70000000000005,462.1705340699816,473.30000000000007,29.169985061031365,850.8880284607931,32,47,47,43,46,57,70,49,49,135,107,112,117,154,103,61,56,105,88,79,81,81,93,87,58,90,77,84,91,98,97,49,72,98,107,111,120,149,120,84,75,101,111,112,137,143,121,73,53,66,68,73,69,69,49,38,64,109,109,105,113,146,98,65,19,38,60,52,53,39,44,53,20,41,73,64,63,41,43,65,25,44,509,450,419,79,63,264,30,51,362,343,352,70,57,292,11,22,281,242,328,53,38,173,58,68,355,345,370,103,81,298,0,32,147,106,98,1,35,103,0,26,95,65,70,13,28,69,2
2763.1946,51.2018,1414.8063,1328.9384,3301.5407,900.1784,3.6677,22.0,46.1,479.6,463.9528571428572,465.40000000000003,12.293697881706672,151.1350076066791,30,52,58,49,46,65,78,61,51,148,112,118,122,153,105,64,58,101,96,99,85,87,97,89,67,106,85,95,95,97,112,52,83,113,134,108,125,156,123,80,75,116,120,121,147,149,115,69,60,64,68,68,86,69,55,41,69,114,101,109,112,137,88,62,17,38,69,53,53,30,40,62,18,36,63,51,55,25,41,58,38,48,541,487,457,84,70,341,41,51,392,376,397,74,61,371,0,0,54,13,87,1,0,0,78,80,397,392,417,112,93,373,0,24,143,99,108,8,40,127,0,28,111,73,78,10,36,97,2
885.131,64.5971,571.7693,516.1421,606.6074,461.1217,1.3155,68.0,10.4,540.3,471.5531978396817,458.5,40.831774916299224,1667.2338428153223,32,51,64,46,51,60,78,63,49,166,133,125,117,160,143,87,63,118,115,108,102,103,119,96,64,111,97,96,110,126,139,76,84,120,158,116,131,200,136,94,78,109,118,115,135,150,113,82,63,72,66,65,82,81,66,46,68,114,120,113,118,141,95,76,16,38,73,51,58,30,43,60,22,37,63,57,59,30,45,61,35,36,521,476,465,65,49,329,39,45,379,367,406,64,55,361,0,0,57,18,83,3,0,0,70,68,383,381,422,96,82,361,1,32,131,91,105,13,38,117,4,38,105,74,77,16,38,91,2
1104.2863,48.5943,536.6198,454.4081,1061.6825,1309.5359,0.8107,54.0,48.300000000000004,490.5,479.0865460481567,479.00000000000006,9.803845032363816,96.11537741860465,39,59,74,58,54,69,91,69,56,174,145,133,137,162,155,95,67,135,120,125,112,105,124,99,71,125,101,108,118,133,155,77,99,136,163,131,144,195,157,103,77,120,121,126,150,161,130,87,48,63,68,63,75,71,65,50,79,122,117,114,119,130,103,83,20,39,76,54,54,30,40,66,22,35,64,58,59,31,45,60,34,43,540,479,470,66,58,331,39,47,392,366,409,59,57,361,0,0,53,19,91,0,2,0,73,71,416,404,447,110,83,384,0,33,131,87,99,11,40,112,6,38,104,72,79,13,38,86,2
2466.5172,46.6506,1150.6456,865.4457,2645.7778,962.3742,2.7492,24.0,49.5,487.30000000000007,474.2628564089392,474.4000000000001,9.639088466612401,92.91202646718023,29,54,71,47,52,63,85,71,51,167,148,129,131,161,147,94,62,131,129,120,110,108,126,103,70,119,101,98,117,133,144,76,91,131,159,119,144,189,154,98,75,117,121,124,150,160,127,80,48,62,68,60,77,74,63,48,75,111,125,111,115,129,98,80,18,35,70,51,54,28,41,61,19,36,63,54,54,29,39,60,28,37,540,475,464,64,47,330,33,38,393,367,407,63,51,364,0,0,54,14,82,0,0,0,66,66,407,392,434,105,85,376,0,26,125,83,96,9,37,108,5,34,94,66,73,9,35,84,3
1219.5963,55.162,672.7534,647.8252,1129.8323,1575.0583,0.7173,49.0,47.900000000000006,481.90000000000003,458.8780644298891,471.8,38.69894794995368,1497.6085724332238,38,58,75,57,57,69,92,73,51,168,142,133,134,163,146,97,65,134,127,125,113,110,121,108,65,120,102,103,116,134,144,81,94,131,156,120,147,212,153,99,78,118,123,127,143,174,128,85,56,67,68,66,71,75,62,50,71,110,126,115,116,135,101,81,22,33,80,56,59,34,42,71,23,36,83,64,69,35,46,78,29,36,513,442,432,57,49,303,34,43,372,341,384,62,54,347,27,24,372,319,424,58,39,279,60,60,364,347,387,87,73,337,0,32,119,79,92,10,35,107,7,35,96,60,72,16,36,78,2
3566.9519,229.8188,8197.5269,5287.3446,11681.0651,10470.805,1.1156,17.0,35.5,504.1,403.4589095068633,427.30000000000007,49.80659703253995,2480.697107961817,29,49,55,49,45,63,81,65,43,149,119,127,113,162,135,82,60,110,108,105,83,87,86,96,67,74,61,67,88,108,120,68,120,104,102,101,115,199,130,79,86,95,96,111,132,174,117,78,68,63,63,60,64,65,57,50,74,108,122,110,91,140,97,79,23,37,77,58,62,34,42,73,25,37,87,66,70,40,43,80,28,35,504,445,435,57,47,306,34,40,376,354,398,60,57,361,20,12,339,298,401,55,36,259,51,54,344,333,371,86,67,325,7,40,128,90,101,23,37,106,9,35,98,71,75,22,37,82,2
2347.5325,58.2927,1368.441,989.7132,2633.5914,1308.7708,2.0123,26.0,45.5,479.0000000000001,466.67613011606596,466.7000000000001,10.22712414543126,104.59406828606308,42,61,67,60,58,68,106,85,61,157,147,130,132,171,156,126,74,129,131,125,107,104,130,144,75,108,101,95,112,130,153,90,121,123,148,118,128,184,148,101,80,109,117,121,139,166,149,96,47,63,60,64,77,71,61,44,75,101,107,99,104,130,105,90,24,36,76,57,60,35,46,71,22,34,84,63,66,39,47,78,31,35,507,438,427,56,53,308,33,39,376,346,391,56,56,360,24,25,382,334,445,54,42,294,60,54,356,342,381,87,69,337,0,32,110,79,88,10,38,103,6,34,91,63,65,17,36,80,3
1776.1032,41.1723,731.262,664.1826,1397.2931,1400.8036,0.9975,34.0,47.2,477.6000000000001,466.14283461462645,466.4000000000001,11.450016695432948,131.10288232569326,44,61,73,60,58,71,110,90,61,163,150,134,130,173,157,127,78,131,130,123,105,112,130,142,73,110,107,92,110,134,152,90,120,121,150,117,124,187,147,99,82,110,115,117,134,171,144,91,55,62,60,63,75,68,62,47,75,99,115,96,107,136,101,88,25,37,81,57,62,31,47,70,26,33,86,65,66,39,48,78,30,34,507,438,427,54,51,301,31,40,379,348,389,55,54,358,22,22,380,327,437,49,39,286,58,56,355,341,380,80,70,336,4,38,119,83,91,15,47,105,8,37,95,66,70,20,35,83,2
1786.6561,45.4789,812.552,701.4196,1463.8242,1057.5586,1.3842,34.0,46.1,485.20000000000005,474.0033756061171,474.6,12.60589467465868,158.90858054858808,38,57,55,54,55,61,104,78,57,148,137,129,126,156,154,114,79,128,126,137,107,107,127,126,75,126,96,95,122,138,149,87,120,139,154,121,143,184,143,94,81,110,108,126,146,155,137,83,48,58,58,62,64,67,54,45,76,111,115,100,104,123,105,93,24,35,74,56,59,37,46,63,26,34,78,60,67,41,42,71,23,35,502,437,426,47,50,282,34,42,369,344,387,58,55,333,23,17,379,333,439,51,33,269,56,57,360,346,386,82,71,324,0,36,114,80,86,19,37,99,14,36,80,60,65,20,37,66,2
1697.198,52.3235,888.0327,864.2679,1816.1415,1578.8234,1.1503,35.0,48.7,482.20000000000005,469.78701526583615,470.40000000000003,11.707414524861365,137.06355485693487,40,57,71,54,58,73,115,87,51,153,141,137,132,155,156,115,82,129,133,145,108,113,128,130,75,129,111,95,118,138,156,85,119,135,158,127,139,184,145,98,80,115,112,124,147,164,131,88,48,61,56,64,77,69,59,43,81,105,116,96,108,126,99,85,21,32,75,55,58,37,41,68,25,37,78,63,66,39,47,69,32,30,503,439,426,47,50,298,35,38,369,344,384,52,54,348,26,16,393,346,450,55,40,292,57,53,361,348,386,83,71,338,2,33,107,76,88,18,42,99,19,35,79,60,63,28,37,69,2
2021.4212,44.8263,906.129,885.4216,2184.7745,1151.0704,1.898,30.0,48.0,481.8,469.8647666863556,469.9,10.048400834083532,100.97035932241062,40,61,71,58,61,74,112,87,51,151,143,138,131,160,152,117,80,131,133,146,114,112,127,130,67,127,111,101,124,143,156,84,112,133,154,127,143,187,145,98,78,114,108,128,148,163,134,84,43,60,60,61,72,70,57,49,81,106,114,102,108,127,103,86,21,36,76,55,57,36,40,67,26,37,79,62,65,36,46,72,29,34,502,440,425,55,44,291,37,41,369,346,385,59,53,341,27,17,387,341,445,54,40,282,58,58,362,352,388,84,73,334,0,33,109,77,82,11,39,97,16,35,76,60,66,24,38,70,2
1780.0265,46.7837,832.7615,840.5127,2040.9505,1411.9732,1.4455,34.0,45.6,482.8,459.6644034772183,468.70000000000005,43.468717727087444,1889.5294208372063,39,60,70,56,59,73,110,91,50,150,141,140,129,155,153,121,80,131,131,147,113,111,122,126,71,129,107,103,123,142,146,87,110,140,150,125,141,181,147,95,76,109,105,126,142,164,126,87,48,56,56,60,73,68,53,46,82,107,107,96,103,124,102,86,19,36,72,53,55,36,40,65,25,37,75,61,61,36,46,71,31,34,506,440,427,54,48,293,37,43,371,344,383,58,50,342,26,23,387,340,446,55,40,283,53,56,362,348,387,80,71,326,5,28,110,75,85,18,36,97,19,37,77,56,64,27,37,65,2
1625.8046,51.5424,837.9784,860.9769,1747.3481,1297.1561,1.3471,37.0,48.0,480.3,460.892349528644,466.20000000000005,15.298382380883883,234.04050347173842,42,64,71,54,59,74,119,92,51,152,143,138,124,162,153,124,83,130,132,137,112,113,125,129,75,128,112,103,121,140,151,90,116,138,152,124,138,186,148,97,74,109,109,125,142,163,134,88,58,68,66,64,72,78,62,52,80,112,115,97,105,121,102,85,26,31,73,54,59,38,43,67,21,38,77,62,65,37,46,70,30,31,505,440,427,55,48,304,37,40,369,344,381,61,50,355,21,23,392,347,452,56,36,299,59,57,353,341,375,85,73,335,0,32,108,75,86,12,41,98,19,35,74,59,63,27,38,65,2
2163.8152,54.0549,1169.6489,1072.2162,2889.8088,1113.0727,2.5962,28.0,40.300000000000004,691.0999999999999,363.19338549075394,361.09999999999997,19.754249475042993,390.23037232223635,18,29,34,26,27,45,45,27,24,75,55,57,59,80,57,31,22,72,43,42,42,56,67,45,33,54,47,52,51,93,88,33,40,57,54,62,72,159,85,45,23,51,42,101,100,78,88,45,18,25,25,30,43,44,36,27,26,45,43,49,57,82,64,35,0,61,44,43,332,146,58,424,0,71,53,51,50,48,13,69,91,468,548,518,514,211,100,438,0,98,81,73,71,51,9,115,119,475,620,558,617,257,150,469,0,142,138,131,128,72,6,141,0,138,104,96,93,56,19,135,0,121,76,68,66,29,18,111,3
1194.1796,47.4277,566.3719,567.889,1366.8647,1464.387,0.9334,50.0,37.300000000000004,425.90000000000003,395.4562302445517,399.4,21.007641400246595,441.32099720135466,17,25,30,25,27,45,45,27,24,54,55,57,64,81,58,32,23,76,47,44,45,60,72,53,33,54,47,56,56,94,92,35,38,60,58,69,78,158,93,51,26,56,50,103,104,79,88,50,18,29,25,35,44,45,36,27,26,42,42,52,60,81,61,38,37,386,370,386,379,189,80,465,0,118,68,70,66,60,22,103,63,458,487,479,472,214,100,417,0,118,80,85,78,60,22,101,103,451,548,558,567,233,139,414,0,137,108,116,110,66,5,120,0,134,82,90,83,59,24,120,0,124,62,69,61,35,22,106,1
1036.3853,53.5884,555.3826,519.0365,1044.7421,1666.1522,0.627,58.0,40.6,698.4000000000001,379.2417595210378,379.0,29.858883591829958,891.5529293504522,19,32,36,28,29,46,49,31,27,68,56,62,67,84,62,35,26,88,48,49,45,63,69,58,42,61,51,64,63,98,93,37,38,73,61,82,85,153,98,60,30,63,50,117,108,76,87,52,20,29,25,38,44,46,35,27,34,48,44,58,55,84,63,43,36,362,360,369,374,190,100,434,0,125,79,75,74,72,42,115,57,436,487,465,472,223,116,416,0,133,105,104,108,76,45,99,113,438,556,552,576,233,162,411,0,146,133,132,134,80,16,144,0,160,120,121,119,87,51,149,0,130,78,78,77,48,35,117,2
1890.138,37.9441,717.1966,639.4464,1166.607,1081.3755,1.0788,32.0,41.800000000000004,432.6,415.02760946610266,415.80000000000007,9.263170338422968,85.80632471863909,18,35,46,29,29,48,48,31,26,77,60,63,63,82,61,32,25,78,51,49,46,64,63,56,38,69,53,73,75,100,91,41,42,86,64,92,90,158,111,67,32,75,58,118,118,86,94,55,21,31,28,37,47,42,39,31,30,59,45,62,57,92,64,44,49,373,376,375,388,214,120,454,0,120,83,78,82,69,41,109,78,449,501,475,491,250,147,419,0,113,88,84,87,69,40,100,120,440,559,549,583,263,174,414,0,139,134,129,137,86,37,136,0,137,112,105,109,76,46,129,0,137,93,86,92,63,46,123,2
1953.9094,31.8845,622.9948,532.8462,1051.3538,873.2816,1.2039,31.0,41.7,427.0,393.5792551210429,392.09999999999997,12.039952957928884,144.96046722914048,20,34,49,31,29,51,53,31,26,80,61,62,59,76,56,32,24,74,46,47,43,55,52,50,38,65,56,72,75,103,98,41,42,76,63,90,92,158,106,68,32,71,56,119,118,85,94,52,22,33,27,39,51,48,40,32,33,53,44,63,61,89,62,42,50,375,378,377,391,218,121,459,0,121,84,79,84,69,42,113,77,448,498,472,489,249,126,405,0,115,88,84,92,71,41,104,115,435,554,543,579,255,167,410,0,144,134,130,137,88,38,138,0,138,111,106,110,78,46,131,0,140,93,88,94,64,46,124,2
2054.583,41.1594,845.654,718.3246,1595.5883,792.5271,2.0133,29.0,39.400000000000006,404.00000000000006,373.89463242453746,374.40000000000003,13.492782219275133,182.0551720167872,20,34,44,29,28,43,48,31,26,77,62,61,58,71,57,33,26,78,53,49,46,61,64,54,38,68,59,69,75,102,101,41,41,84,67,88,92,151,110,71,34,74,58,112,114,84,93,51,20,32,30,37,49,49,40,31,27,56,45,60,59,92,63,41,47,368,363,369,383,214,120,454,0,121,81,82,85,69,42,108,78,447,490,474,490,248,146,416,0,116,85,85,93,71,43,104,115,435,544,545,580,255,169,410,0,144,130,132,138,86,39,136,0,138,109,108,112,79,48,131,0,139,91,91,94,64,48,124,2
1671.4856,42.6633,713.1108,625.2794,1310.7149,1200.3623,1.0919,36.0,36.9,383.8,361.08566157090144,367.7,16.33016619276599,266.67432788335725,20,32,37,28,29,49,50,31,28,77,57,59,60,79,60,33,26,70,48,49,48,62,60,53,43,69,57,71,77,103,99,42,44,88,67,90,91,153,111,70,34,71,55,111,112,84,92,51,22,31,28,37,48,50,41,31,29,58,43,62,60,90,66,44,48,370,365,371,382,214,119,453,0,126,79,77,80,70,42,110,80,449,493,473,487,250,144,408,0,117,90,87,93,71,41,106,117,435,547,545,577,247,167,410,0,144,132,127,133,87,39,135,0,133,104,103,108,78,45,128,0,135,87,89,91,63,44,120,2
1454.2304,39.597,575.8311,538.9918,998.983,1345.7823,0.7423,41.0,36.2,396.6,346.8482784771728,349.00000000000006,15.352893530156667,235.71133974832645,20,33,46,29,29,48,48,29,27,64,63,61,59,82,59,32,25,74,44,49,48,64,62,55,45,72,61,73,77,103,98,42,44,90,70,89,89,155,113,73,36,71,62,115,112,87,93,52,21,33,29,36,49,48,38,32,30,58,45,64,63,93,63,43,51,368,367,367,381,211,115,448,0,127,89,85,90,73,38,115,75,445,492,469,485,245,136,412,0,121,93,90,97,72,39,108,113,433,548,542,577,253,163,406,0,146,136,135,142,87,39,138,0,137,111,99,104,73,39,123,0,133,89,86,92,63,42,119,1
2811.4709,115.7611,3254.5882,3147.4706,3458.6997,2968.4196,1.1652,21.0,34.6,386.80000000000007,366.560875331565,371.3,17.894507143126603,320.213385895409,12,39,44,24,22,35,26,2,16,70,55,36,45,60,37,3,15,44,24,30,36,36,35,8,20,43,32,29,37,47,50,14,18,35,42,49,70,87,64,31,25,41,58,71,83,62,45,20,14,29,20,31,31,42,28,16,14,19,17,18,26,20,13,7,0,43,256,305,284,66,230,400,0,30,95,83,71,26,87,63,0,46,425,417,384,84,360,313,0,29,78,77,68,26,81,63,38,64,356,450,396,123,325,330,67,93,339,400,383,145,315,358,0,1,126,106,84,1,118,69,0,26,115,72,55,0,103,55,3
3821.318,42.1507,1610.7123,1543.3056,2603.0202,318.8873,8.1628,16.0,40.900000000000006,410.50000000000006,389.8614134404676,390.0,10.013057368791175,100.26131787070324,15,51,60,32,29,48,40,7,19,82,62,47,53,70,47,9,17,62,28,35,36,39,38,16,35,55,50,50,43,53,60,13,36,71,71,73,77,93,80,41,30,58,68,72,82,65,65,24,23,61,44,52,56,74,48,22,17,26,20,24,31,39,25,10,1,44,282,320,306,68,254,402,0,30,96,81,71,25,87,66,2,47,418,409,385,86,361,338,0,28,87,73,66,25,80,62,42,67,378,453,395,126,335,342,70,93,354,399,382,147,321,376,0,0,128,102,83,0,129,82,0,29,120,74,58,0,105,57,3
1350.1162,53.6297,724.0638,635.7215,707.944,295.3502,2.397,44.0,37.7,402.90000000000003,375.7803078556263,380.40000000000003,20.895863688696647,436.637119296591,15,52,64,34,30,50,46,9,19,81,60,47,53,68,44,8,18,63,29,34,39,39,33,15,34,52,50,45,42,52,62,14,34,72,64,72,76,90,85,44,29,53,66,70,82,62,65,25,29,58,48,55,50,70,47,23,17,29,23,27,35,40,29,12,0,43,281,317,303,69,231,392,0,29,95,80,70,25,79,70,3,46,419,408,388,86,331,350,0,28,87,74,67,25,74,66,44,66,377,454,398,125,304,351,71,92,358,398,384,146,296,378,0,1,128,102,84,0,109,82,0,24,117,71,55,0,96,59,1
506.9598,54.1328,274.4317,209.0719,463.0988,313.6294,1.4766,118.0,37.7,407.00000000000006,366.27837240910634,371.1,24.836224259643632,616.8380354753109,11,47,41,29,25,44,39,7,18,80,59,39,44,66,42,6,17,53,27,32,35,39,29,17,27,50,49,36,39,51,57,13,27,60,48,50,55,84,77,36,25,42,46,44,59,57,62,24,15,38,28,35,39,53,34,19,15,16,13,15,22,25,18,7,0,42,274,296,308,62,212,382,0,29,99,77,79,22,78,70,0,47,424,400,417,84,327,342,0,28,91,71,73,22,72,65,41,67,394,446,431,129,308,355,70,97,375,407,427,153,308,390,0,0,135,95,99,0,109,79,0,21,114,63,63,0,89,58,0
905.723,101.7777,921.8237,823.5192,3246.2598,1149.4639,2.8242,66.0,11.8,377.6,341.74242645715333,349.5,25.936740526707712,672.7145091497622,11,25,28,22,41,69,57,8,18,56,52,38,45,80,50,4,17,40,22,29,31,41,32,6,41,52,48,44,36,47,42,8,45,100,86,75,57,65,39,16,35,68,66,77,61,49,37,16,28,75,43,57,36,52,29,9,31,29,28,26,29,32,18,5,0,37,277,283,311,77,295,390,0,26,87,70,78,31,97,66,0,41,415,372,408,100,426,350,0,24,81,65,71,30,90,62,43,60,385,432,433,144,401,363,66,86,330,345,376,153,356,363,0,0,127,85,98,4,137,74,0,23,118,60,71,3,116,54,0
3463.5239,161.3298,5587.6957,7147.6496,11669.3237,1882.0686,6.2003,17.0,34.7,363.4,347.950487429451,348.4,9.519957128952862,90.62958373710043,15,35,38,25,35,54,58,25,20,66,60,46,56,75,57,13,20,51,24,35,35,41,29,15,43,66,55,59,41,49,42,11,51,108,84,79,64,79,75,37,31,63,62,67,70,53,52,20,17,52,28,49,37,57,43,16,19,14,16,17,22,22,16,7,3,44,294,308,310,84,275,427,0,28,87,71,71,29,84,67,0,44,416,373,369,92,371,353,0,27,81,67,66,28,78,64,40,64,358,442,438,131,330,344,65,87,333,350,354,148,313,361,0,0,128,89,85,3,121,78,0,22,113,61,59,2,103,58,3
5593.4995,164.0728,9177.4099,12239.6064,7951.6638,507.2335,15.6765,11.0,36.2,393.0,380.52727435851426,381.20000000000005,9.084016150160876,82.51934941638363,13,29,29,18,29,42,44,17,19,54,52,38,44,67,53,13,22,34,20,27,27,38,29,9,39,53,56,47,42,49,45,12,47,96,87,65,63,79,64,37,39,72,63,67,79,64,61,27,25,60,35,40,40,54,36,11,20,20,16,18,23,26,18,7,0,33,201,225,248,59,178,399,0,21,72,69,71,32,75,60,0,41,413,311,359,94,386,325,0,26,75,60,67,32,76,57,36,71,324,464,457,141,289,311,64,91,324,352,344,146,264,305,0,0,124,85,86,4,117,66,0,25,106,59,57,3,99,46,3
1106.5408,46.9199,519.188,518.4621,1133.9166,314.2743,3.608,54.0,33.7,406.30000000000007,324.05834532374104,337.7,37.73767532570952,1424.132138988665,12,26,29,23,43,65,60,5,18,60,52,48,58,91,66,6,22,48,27,35,40,53,38,7,51,68,64,50,47,53,50,11,49,103,94,73,58,75,55,27,27,43,46,51,54,46,42,20,21,39,26,25,25,42,28,9,15,10,8,12,12,12,8,4,0,34,259,283,285,68,259,374,0,23,88,72,71,29,91,59,0,40,419,394,399,101,408,326,0,23,84,67,67,28,85,56,41,61,370,446,413,141,389,342,70,89,361,405,410,163,368,363,0,0,126,94,90,2,130,60,0,21,121,66,62,0,111,46,1
246.716,99.0514,244.3756,298.1427,764.3436,331.2533,2.3074,243.0,34.300000000000004,375.8,348.8333572453372,350.6,12.789074058399537,163.560415271228,14,24,26,21,44,63,54,7,22,55,46,41,59,88,72,7,29,53,30,37,44,66,45,7,53,67,66,49,38,45,44,7,58,99,96,75,56,67,60,14,40,59,74,67,53,52,51,18,35,70,44,49,35,54,36,9,21,26,17,20,20,26,14,5,0,36,267,284,296,73,248,399,0,26,95,71,72,30,84,60,0,41,444,394,400,99,391,312,0,25,88,67,68,30,78,58,35,60,393,435,407,135,355,332,65,86,358,379,392,155,328,368,0,0,137,90,91,3,121,66,0,24,126,63,62,0,103,49,0
1212.197,57.9976,703.0453,654.114,1686.7725,1209.7947,1.3943,49.0,35.0,378.30000000000007,340.30639309616066,338.40000000000003,19.015555903363705,361.59136631395023,14,25,26,21,46,63,51,4,24,59,54,45,66,93,66,4,29,57,33,45,50,67,49,7,53,62,62,50,39,45,42,7,63,103,100,76,58,65,54,14,39,57,67,58,54,52,48,16,35,59,40,48,34,51,32,8,27,27,22,24,24,24,15,5,0,37,260,286,296,72,248,428,0,27,91,72,72,29,86,56,0,42,431,394,403,97,402,303,0,25,83,67,69,28,80,56,35,61,385,441,412,135,371,313,63,86,334,365,379,152,324,344,0,0,132,92,91,2,122,54,0,24,119,63,62,0,102,43,1
1677.8934,50.3209,844.3303,637.7457,1635.9633,1083.8071,1.5095,36.0,24.3,349.20000000000005,280.306224289036,277.7,43.4912109188237,1891.4854271856093,15,28,28,23,56,66,52,10,22,56,49,45,60,84,57,6,31,62,38,46,51,63,49,9,55,68,64,49,41,47,45,9,71,113,110,81,57,67,57,20,42,63,80,65,61,60,52,19,37,71,48,51,37,51,31,9,25,29,26,24,24,26,16,6,0,36,255,284,291,72,239,378,0,26,91,73,70,28,82,65,0,41,433,396,386,97,394,335,0,25,84,67,66,28,77,63,41,61,375,436,404,135,350,362,68,86,337,374,385,154,318,387,0,0,130,93,87,1,116,68,0,25,122,66,61,0,102,55,1
1263.7119,51.9543,656.5532,679.0364,1504.6234,657.5397,2.2883,47.0,47.0,471.00000000000006,458.3414412842436,458.4000000000001,10.461111503992734,109.43485389896914,15,34,39,24,30,51,60,32,26,77,67,59,77,134,83,29,31,62,48,82,73,71,65,33,50,73,77,53,48,59,66,21,51,90,84,66,61,75,76,36,52,83,84,77,70,77,78,59,53,100,70,75,68,91,71,56,35,78,50,37,49,59,40,35,6,37,242,283,280,45,239,442,0,12,51,50,48,0,50,37,47,73,473,479,466,122,441,367,0,10,58,57,54,0,59,39,0,0,0,0,0,0,0,0,0,9,101,89,85,0,93,55,0,8,100,83,76,0,102,56,0,28,98,71,62,0,87,44,2
3249.0101,78.2149,2541.2089,2876.1627,3733.4657,737.1524,5.0647,18.0,46.2,473.1,459.048944337812,459.8,10.564678619078705,111.61243432441874,15,33,40,24,28,49,49,25,24,79,63,60,77,134,83,29,29,67,48,84,76,74,66,37,46,75,70,58,50,62,67,27,51,93,85,66,53,73,77,42,50,80,88,76,65,74,79,61,47,97,66,75,67,91,72,61,40,70,50,37,49,59,41,36,0,33,219,263,65,37,205,394,0,10,51,50,49,0,51,32,51,78,499,493,485,132,454,380,0,9,61,56,56,0,59,33,0,0,0,0,0,0,0,0,0,10,102,89,83,0,93,49,0,11,106,82,76,0,102,45,0,29,100,68,62,0,84,39,3
3694.6412,43.4873,1606.6989,1396.3451,3026.7154,309.4189,9.7819,16.0,46.2,478.9000000000001,462.2407141606862,462.6,10.492916182851356,110.10129002034387,13,32,34,23,28,49,53,32,24,78,63,59,77,130,85,32,29,68,48,88,73,73,64,35,51,74,78,62,54,65,73,28,54,99,94,76,60,78,76,45,51,85,96,83,76,80,82,62,51,97,77,83,69,93,72,57,38,77,53,42,50,58,39,34,2,37,216,205,206,28,197,417,0,10,51,49,48,0,51,23,47,77,500,486,475,145,470,311,0,9,60,56,56,0,62,30,0,0,0,0,0,0,0,0,0,9,99,87,83,0,99,34,0,12,104,81,75,0,98,27,0,29,100,67,62,0,89,23,3
1541.557,52.6935,812.3,795.4698,2031.468,1384.219,1.4676,39.0,46.6,467.00000000000006,461.69861062869063,462.1,10.371419910984223,107.56635096995997,13,33,38,23,26,47,58,36,23,81,66,59,77,131,84,35,31,71,51,89,74,74,68,38,49,82,80,64,59,62,69,30,54,102,93,77,63,78,81,49,49,85,96,82,74,82,84,68,48,102,75,81,72,92,74,56,41,80,57,43,55,60,41,34,0,33,182,163,161,17,157,421,0,14,51,49,49,1,52,15,40,88,519,488,480,147,496,272,0,11,63,56,55,0,65,20,0,0,0,0,0,0,0,0,0,11,107,87,86,2,105,29,0,14,110,82,77,0,106,19,0,30,103,66,63,0,94,19,3
2384.255,38.095,908.2812,824.7836,1922.9412,538.2274,3.5727,25.0,44.900000000000006,464.40000000000003,458.8946438041365,459.3,10.41973562650692,108.57089052629757,13,41,37,22,21,45,54,27,25,118,78,58,61,98,70,28,33,80,53,81,63,62,71,36,49,101,84,65,56,62,71,31,55,112,95,72,63,86,74,44,51,89,96,69,66,77,72,59,55,100,68,72,68,89,70,52,34,60,43,41,51,56,39,32,4,39,252,219,201,23,41,516,0,17,51,50,46,2,19,41,29,63,502,497,467,130,128,292,0,16,65,56,53,1,19,47,0,0,0,0,0,0,0,0,0,18,108,87,79,4,27,59,0,20,111,82,71,0,27,61,0,36,104,67,58,0,31,61,3
1629.615,59.0468,962.2355,931.7651,5107.932,1798.8672,2.8395,37.0,45.0,464.70000000000005,458.5871813157426,459.0,10.442161104489312,109.03872853210945,12,43,40,24,28,45,64,32,22,115,78,57,61,86,62,25,28,71,51,75,65,69,60,34,44,104,77,64,60,67,72,31,51,106,87,66,63,87,79,46,45,86,90,77,68,76,79,57,46,98,72,83,74,95,71,56,33,61,45,39,48,57,41,32,6,39,215,239,236,31,36,508,0,17,51,49,48,1,19,44,28,64,491,487,475,130,127,302,0,17,62,56,53,1,22,49,0,0,0,0,0,0,0,0,0,20,106,89,85,4,29,66,0,20,110,82,76,0,27,68,0,37,103,66,61,0,31,65,3
2091.5057,63.5754,1329.684,1451.8063,3147.1038,1098.8311,2.864,29.0,44.5,463.6,456.9929709141275,457.2,10.364200104458046,107.41664380524817,14,47,43,27,32,49,67,42,24,114,78,60,67,93,65,30,30,75,53,76,63,68,61,41,50,102,91,71,66,75,73,35,52,106,84,79,75,101,86,54,46,87,92,76,75,79,73,60,46,96,76,70,74,89,67,52,34,54,40,38,49,51,38,29,1,29,198,230,213,29,178,490,0,13,51,50,47,1,49,31,43,76,485,486,456,138,415,320,0,12,61,58,52,1,56,31,0,0,0,0,0,0,0,0,0,14,99,87,77,1,82,38,0,15,103,82,70,0,86,37,0,34,100,70,58,0,80,35,3
2071.2149,130.4425,2701.7452,2711.6555,2566.9852,2118.2545,1.2118,29.0,46.1,464.0,454.0257911967989,458.3,25.733332016036357,662.2043766475618,10,31,31,17,19,36,45,15,21,87,78,52,52,74,54,18,25,52,56,61,47,45,58,30,42,88,89,57,60,73,63,23,47,83,74,62,65,99,79,36,48,71,82,65,65,86,82,61,49,67,79,60,52,83,73,67,35,42,41,36,38,49,36,30,0,31,199,237,245,31,34,479,0,16,51,48,49,2,19,42,23,52,491,459,481,119,115,291,0,15,61,56,56,2,19,46,0,0,0,0,0,0,0,0,0,16,101,81,85,3,28,60,0,18,104,80,78,0,27,59,0,34,97,65,62,0,30,57,3
2686.937,79.4093,2133.6777,2123.2317,4389.2365,619.1752,7.0888,22.0,46.300000000000004,470.7000000000001,457.0654725472548,457.20000000000005,11.392178200266887,129.7817241466361,13,40,36,38,32,44,46,28,20,106,56,79,51,100,62,31,21,76,34,51,46,57,51,32,28,60,32,56,47,54,43,17,25,58,40,82,69,102,64,33,21,48,38,82,89,134,82,39,9,35,16,38,40,84,48,19,19,5,6,6,7,6,8,9,0,0,44,37,34,0,44,38,0,0,48,40,37,0,48,42,39,21,518,459,428,93,392,450,0,0,56,43,39,0,50,46,0,0,3,3,3,1,3,3,109,86,422,433,418,153,357,427,0,0,90,58,51,0,67,50,0,0,63,30,26,0,50,28,3
2285.7959,103.4133,2363.8167,2038.5065,2340.4908,914.4611,2.5594,26.0,43.6,452.50000000000006,431.4335335542668,433.1,15.228016608665602,231.89248983379542,11,46,37,41,39,47,56,36,20,110,62,85,52,107,68,38,17,78,33,58,54,58,50,35,22,59,36,54,48,55,44,17,21,56,44,88,68,93,67,35,23,55,44,87,95,137,81,41,5,32,15,33,40,78,42,21,15,4,6,7,7,7,7,8,0,0,45,37,36,0,44,0,0,0,50,40,38,0,48,0,8,16,521,483,443,79,392,25,0,0,60,47,44,0,52,0,0,1,3,2,4,1,2,0,59,67,424,427,427,137,347,87,0,0,77,51,49,0,59,0,0,0,67,33,32,0,53,0,3
2344.4446,53.4557,1253.2386,1374.0669,4131.6274,1155.0819,3.5769,26.0,46.300000000000004,454.70000000000005,437.8264878268711,440.0,14.353513013061567,206.02333581612777,11,46,34,39,34,44,53,32,22,155,81,83,47,91,68,33,19,72,34,57,54,59,53,35,27,58,30,56,46,51,42,14,19,47,40,77,66,98,61,36,18,42,34,74,84,117,82,42,8,35,14,35,34,79,46,20,17,4,6,7,6,5,6,8,0,0,46,36,33,0,44,37,0,0,48,35,36,0,45,38,32,19,506,446,430,83,372,426,0,0,55,40,38,0,47,39,1,0,3,3,4,1,2,3,105,82,420,416,416,144,347,417,0,0,81,50,50,0,58,43,0,0,72,32,31,0,53,28,3
1696.748,74.5849,1265.5183,1532.4561,3178.8447,1134.7156,2.8014,35.0,45.900000000000006,466.4000000000001,463.6028343516633,464.1,10.226609450169088,104.5835408462877,0,0,0,0,0,0,0,0,28,129,92,94,81,97,89,45,9,212,14,7,0,187,0,0,5,5,2,2,22,1,1,0,21,223,0,15,233,216,11,0,23,27,30,249,235,213,28,3,15,14,17,16,9,202,19,4,7,4,2,2,2,0,0,0,0,3,229,0,0,3,229,0,0,0,0,0,0,3,0,0,273,224,412,441,426,285,423,446,0,0,0,0,0,2,0,0,283,239,412,470,463,299,418,449,0,0,0,0,0,0,0,0,0,0,0,0,0,0,2,0,0,22,14,0,0,0,14,0,3
746.3809,62.0762,463.3251,569.019,2053.9958,1485.779,1.3824,80.0,46.1,468.30000000000007,463.4569651741294,463.80000000000007,10.504221212660244,110.33866328450146,2,0,0,0,0,0,2,1,31,136,90,95,81,103,90,62,15,216,19,9,0,192,2,1,12,4,9,5,20,0,4,4,33,225,8,23,240,223,16,5,36,27,35,242,238,219,28,10,20,25,19,17,11,209,29,16,22,9,4,5,8,0,5,0,0,4,235,0,0,4,226,0,0,0,2,0,0,4,0,0,275,225,424,440,424,288,421,437,0,0,0,0,0,4,0,0,274,228,411,462,458,293,410,443,0,0,0,0,0,0,0,0,0,0,0,0,0,0,1,0,0,24,20,0,0,0,14,0,2
1907.626,65.9254,1257.6106,1202.0006,2178.5067,946.3756,2.3019,31.0,45.7,466.9,463.46360369609863,463.9000000000001,10.369973143765757,107.53634300242304,0,0,0,0,0,0,0,0,30,126,86,92,79,99,84,52,15,214,21,8,0,190,0,0,13,4,9,2,20,0,0,0,36,220,6,20,238,221,19,0,34,26,38,242,239,219,29,8,21,19,21,18,7,209,24,11,27,10,7,5,7,0,4,4,0,5,232,0,0,4,226,0,0,0,1,0,0,4,0,0,273,225,420,440,429,289,415,428,0,0,0,0,0,4,0,0,269,224,400,466,458,289,398,427,0,0,0,0,0,0,0,0,0,0,0,0,0,0,1,0,0,25,19,0,0,0,12,0,3
1930.0903,46.7499,902.315,920.2806,1625.4625,1361.1248,1.1942,31.0,47.2,470.6000000000001,465.1183529411765,465.59999999999997,10.604469637455807,112.45477629172208,0,0,0,0,0,0,0,0,28,132,76,90,81,111,78,46,10,205,11,10,0,192,0,0,7,0,0,0,26,3,0,0,37,217,1,14,245,216,6,0,27,21,33,240,237,214,21,6,19,5,20,15,10,201,32,24,9,0,0,5,2,0,0,0,0,4,236,0,0,5,227,0,0,0,4,0,0,5,0,0,282,229,428,445,435,296,418,451,0,0,0,0,0,5,0,0,277,229,414,460,457,295,407,451,0,0,0,0,0,0,0,0,0,0,4,0,0,0,3,0,0,26,22,0,0,0,15,0,2
1067.7405,55.9557,597.4617,630.209,1633.955,1723.5084,0.948,56.0,47.1,469.4,464.4365893439653,464.9,10.590590606266247,112.16060938953487,6,0,10,0,0,0,8,20,32,139,86,94,87,115,90,64,12,204,20,13,0,193,4,6,12,2,6,4,28,13,7,6,40,219,5,19,244,231,17,10,33,26,36,237,239,218,23,13,23,12,26,17,16,207,32,26,16,4,3,10,11,2,7,8,0,4,233,0,0,6,226,0,0,0,7,0,0,6,2,0,281,231,431,415,411,295,426,459,0,0,0,0,0,7,0,0,270,225,385,460,460,291,379,428,0,0,0,0,0,0,0,0,0,0,2,0,0,0,3,0,0,28,23,0,0,0,14,0,2
1232.2381,63.7694,785.7911,890.9851,3243.0591,1476.3808,2.1966,49.0,45.800000000000004,468.59999999999997,463.099776161164,463.9,10.846123192656291,117.63838831027671,0,0,0,0,0,0,3,0,33,144,86,104,82,99,94,54,16,205,19,26,0,183,5,0,14,8,0,0,16,2,2,0,32,215,3,12,232,215,16,0,27,34,34,239,227,198,17,0,27,18,27,10,18,190,31,2,18,8,2,4,6,0,0,0,0,9,237,0,0,9,228,0,0,2,9,0,0,7,0,0,273,228,410,442,435,292,392,428,0,2,0,0,0,8,0,0,270,225,402,455,457,291,386,427,0,0,0,0,0,1,0,0,0,0,6,0,0,0,3,0,0,30,27,0,0,1,17,0,2
3241.1574,52.2739,1694.2791,1717.4162,2636.8646,348.8564,7.5586,19.0,42.400000000000006,416.6,409.74609810479376,410.1,9.574349412772245,91.66816667785224,0,0,0,0,0,0,0,0,18,71,27,17,24,18,14,3,10,174,0,0,0,182,12,0,14,0,7,0,0,0,0,0,22,168,0,0,218,160,15,0,47,0,24,207,225,223,9,15,42,3,33,9,4,197,83,17,60,165,80,38,57,83,44,9,19,20,327,192,210,26,152,352,0,14,0,0,0,7,0,0,124,128,271,344,368,116,0,318,0,14,0,0,0,6,0,0,118,102,273,416,415,119,1,330,0,1,0,0,0,0,0,0,0,5,0,0,0,0,0,12,0,27,0,0,0,0,0,22,3
1261.621,86.214,1087.6944,1159.6725,6753.26,1545.1578,4.3706,48.0,40.0,416.90000000000003,405.20145030067215,406.20000000000005,10.289743779323866,105.8788270441342,0,0,0,0,0,0,0,0,25,124,104,49,32,26,19,8,9,181,0,25,0,185,6,0,5,0,0,6,0,0,0,0,13,162,0,0,225,167,11,0,41,0,21,184,204,231,6,17,54,12,36,4,0,186,61,21,62,85,59,24,26,50,27,9,19,20,375,183,199,26,360,317,0,6,0,0,0,0,0,0,159,145,353,369,384,150,315,338,0,5,0,0,0,0,0,0,160,142,358,415,416,156,325,371,0,0,0,0,0,0,0,0,0,0,9,0,0,0,3,0,0,19,20,0,0,0,18,0,1
910.0141,33.1108,301.3133,356.5987,460.5197,848.0921,0.543,66.0,39.5,407.60000000000014,401.78925826929503,403.0000000000001,9.615817303628349,92.46394241675839,0,0,0,0,0,0,0,0,12,37,25,15,4,5,4,2,1,177,0,0,0,183,0,0,0,0,0,0,0,0,0,0,0,151,0,0,186,143,0,0,21,0,0,153,174,169,0,0,7,0,15,8,0,166,31,0,26,65,38,23,21,42,14,0,15,17,154,0,0,10,160,0,0,16,0,0,0,8,0,0,113,132,314,248,322,133,249,50,0,11,0,0,0,6,0,0,94,127,199,439,439,170,234,98,0,2,0,0,0,9,0,0,0,0,0,0,0,0,0,0,0,26,0,0,0,5,0,0,0
987.4855,40.2321,397.2863,423.8467,842.2151,912.0325,0.9234,61.0,37.6,379.9,370.14068687576656,370.6,8.81265589316096,77.6629038912646,0,0,0,0,0,0,0,0,2,3,2,5,9,12,6,3,0,155,0,60,36,193,0,0,0,0,0,0,2,0,0,0,0,174,0,0,189,176,20,0,51,0,56,173,217,222,8,7,34,21,70,31,4,196,41,14,70,110,91,33,22,55,26,1,11,2,166,0,0,8,169,390,0,0,0,0,0,7,0,0,107,122,352,349,321,154,391,89,0,0,0,0,0,9,0,0,82,89,194,485,494,174,263,132,0,0,0,0,0,12,0,0,0,0,0,0,0,6,0,0,0,2,0,0,0,6,0,0,0
2793.8508,51.3534,1434.7379,1562.4031,2997.505,449.2989,6.6715,21.0,35.9,366.49999999999994,355.66835185185187,357.3,9.83368983658353,96.7014558021262,0,0,0,0,0,0,0,0,10,10,20,1,6,5,2,0,6,190,0,57,31,188,0,0,9,0,0,0,0,0,0,0,7,174,0,0,188,174,0,0,49,0,53,174,196,209,0,12,29,16,40,20,2,175,38,25,71,109,88,39,35,62,28,1,21,19,163,0,0,10,149,438,4,16,0,0,0,10,0,0,108,127,291,366,406,131,0,42,3,17,0,0,0,10,0,0,69,97,250,427,459,152,14,66,0,10,0,0,0,9,0,0,0,13,0,0,0,6,0,0,0,32,0,0,0,2,0,0,2
937.2323,37.241,349.0344,400.3576,355.364,1071.9193,0.3315,64.0,46.300000000000004,465.5,454.1054868819374,454.8,10.094436099984462,101.89764017666951,8,22,16,17,25,45,43,44,17,65,41,51,66,81,64,29,15,56,33,60,76,82,74,38,11,56,47,81,96,134,106,48,10,35,27,47,61,84,82,32,7,30,18,45,50,52,47,32,5,26,11,22,16,14,12,12,3,4,5,5,8,7,8,5,8,200,7,188,187,205,211,219,5,35,6,34,14,14,14,13,4,361,4,327,469,297,365,266,7,348,7,331,363,452,496,443,1,6,2,5,5,7,6,4,9,374,9,387,315,428,466,284,2,6,2,6,5,7,7,5,1,5,2,5,6,6,6,5,0
856.157,39.7057,339.943,440.008,667.4756,898.0041,0.7433,70.0,45.800000000000004,4825.7,443.91224563083557,450.5000000000001,153.8253698034645,23662.244395172605,6,19,14,15,22,39,37,42,12,59,38,52,74,90,61,28,9,48,25,62,85,86,80,40,9,68,48,80,95,145,109,50,11,43,31,54,73,101,92,32,6,33,15,49,58,55,43,29,6,30,10,24,17,14,12,11,3,5,4,5,8,8,6,6,7,207,7,198,217,207,220,259,6,34,5,34,14,15,14,13,5,355,5,301,470,274,342,246,7,321,6,306,361,421,467,416,0,6,1,6,6,7,7,4,7,337,6,343,296,377,418,243,1,5,2,5,7,6,6,5,2,6,2,5,7,7,6,5,1
997.6462,52.0442,519.2168,584.3753,1402.7508,1407.1995,0.9968,60.0,37.300000000000004,415.30000000000007,381.64809630459126,381.6,7.198815945917791,51.82295102320026,4,17,13,16,24,40,39,42,12,62,34,57,77,92,69,30,12,56,31,62,88,92,84,39,11,68,41,79,99,135,117,51,9,42,31,51,61,91,81,30,7,32,15,51,55,58,49,30,4,10,6,14,11,10,9,7,3,5,4,5,8,7,7,5,7,205,7,187,204,198,216,240,6,34,6,34,14,14,14,13,5,369,5,327,495,292,378,278,7,341,6,320,376,433,494,441,1,5,2,6,5,6,7,5,8,365,8,373,329,409,465,284,1,5,1,5,6,7,6,5,1,5,2,6,6,6,7,5,0
497.0044,55.2615,274.652,264.5053,622.7317,809.9024,0.7689,121.0,38.0,452.90000000000003,407.562457337884,403.85,33.08828692694933,1094.8347317601258,2,14,11,13,12,16,20,22,5,38,27,44,37,47,48,22,7,35,22,44,36,39,65,34,8,44,37,65,47,74,89,39,11,32,27,51,50,108,83,34,5,20,11,38,51,52,36,22,4,12,9,19,20,34,23,14,4,5,6,6,7,6,8,6,8,130,86,115,115,126,144,261,7,36,47,47,26,27,27,26,6,305,227,252,397,237,281,97,9,322,241,275,317,400,430,274,24,331,287,294,324,331,321,193,9,313,282,343,296,365,393,101,2,6,6,6,6,7,7,5,1,5,5,6,6,7,7,5,0
4312.975,171.2742,7387.0129,5129.9128,6663.0011,5764.04,1.156,14.0,39.7,453.70000000000005,420.16993936567167,401.1,24.6560725013201,607.9219111903533,4,28,18,26,19,21,23,33,6,55,54,69,50,55,61,40,8,53,41,63,56,63,89,55,8,73,49,77,82,104,133,62,9,56,39,77,81,148,114,49,7,36,18,51,69,73,80,36,5,17,14,35,33,72,50,25,4,4,7,7,7,8,8,6,8,119,118,112,111,122,128,157,7,47,48,46,27,27,27,26,6,322,319,286,441,270,338,202,9,283,281,272,315,396,439,355,23,310,311,301,332,350,357,293,7,296,294,323,272,360,397,187,2,6,5,6,6,7,8,5,2,6,6,7,6,7,8,6,3
987.6501,45.8065,452.4079,538.5176,840.657,1258.9892,0.6677,61.0,44.6,456.19999999999993,445.3138686131387,445.6,8.729918893483733,76.21148388680423,4,14,12,13,16,25,34,37,8,41,45,48,53,74,63,36,12,53,40,64,58,71,76,48,8,76,52,85,80,105,108,47,12,64,53,72,76,107,91,39,7,29,15,44,60,52,52,31,6,14,9,24,23,41,29,15,4,5,5,8,9,9,10,8,10,209,9,187,191,212,216,215,9,60,8,60,40,41,41,40,7,328,5,273,420,265,329,224,8,286,7,260,298,391,430,379,22,302,21,274,313,317,318,282,7,322,7,351,303,382,416,233,17,239,17,228,251,262,263,236,2,6,2,6,7,7,7,6,0
1073.1525,62.785,673.7789,811.871,1696.5965,2078.4295,0.8163,56.0,45.0,459.3000000000001,444.5830450267108,444.8,8.616456260062172,74.24331848156459,1,14,6,18,13,19,24,18,5,63,38,64,43,85,64,35,7,37,26,57,65,66,66,40,7,62,41,75,114,105,113,49,8,35,23,45,60,92,114,35,5,32,11,34,48,53,38,26,4,8,7,12,28,10,11,8,4,6,4,6,10,8,8,6,8,168,8,146,160,168,165,184,8,60,8,60,41,41,41,39,5,322,4,273,429,232,300,184,8,304,6,276,322,399,422,347,23,327,23,305,339,350,340,284,4,300,4,305,244,347,362,170,18,256,18,233,263,271,256,219,2,6,3,6,7,7,7,4,0
949.6886,46.7222,443.7155,539.3876,1140.2825,1023.9376,1.1136,63.0,45.2,455.1,444.0638575051879,444.19999999999993,8.208498153323742,67.37944193311927,2,22,12,24,18,30,29,25,7,80,57,80,52,95,86,48,10,56,44,64,73,86,85,49,10,71,58,89,116,116,128,55,12,53,50,69,82,126,140,47,8,48,22,54,72,73,62,37,6,14,12,22,49,26,18,11,4,6,5,6,10,9,9,7,9,227,8,192,213,223,218,227,8,48,7,48,27,28,28,25,6,358,5,293,464,283,333,205,8,321,7,278,337,416,444,363,24,355,23,315,363,375,369,305,7,343,5,341,297,390,411,202,2,7,3,6,7,8,6,5,2,7,3,6,6,7,7,5,0
1004.0916,45.4613,456.4734,502.7297,786.0182,1238.1904,0.6348,60.0,45.2,452.50000000000006,443.57679814385153,443.79999999999995,8.396163197266736,70.49555643513638,7,22,24,20,29,45,47,95,11,54,63,68,66,81,88,29,15,65,53,88,132,99,97,41,11,64,45,80,112,138,111,32,12,48,47,78,79,84,104,22,7,46,17,48,50,52,39,14,5,7,7,9,13,9,9,7,3,6,5,6,10,9,8,5,8,232,7,183,221,226,236,228,6,36,5,35,15,15,15,13,4,347,3,265,459,268,338,160,8,357,6,300,384,459,505,342,2,8,3,8,8,9,10,5,10,410,9,387,354,455,497,213,2,6,2,5,7,7,7,4,1,6,1,6,7,7,6,5,0
957.4664,56.7223,543.0973,650.5375,2005.4996,1675.0631,1.1973,63.0,45.0,453.6,443.0385573861277,443.3,8.934045810777683,79.81717454907427,11,27,26,28,35,51,47,103,12,49,58,67,65,80,82,31,15,62,46,86,116,97,91,40,12,62,47,77,113,124,105,34,15,52,49,79,81,85,103,24,6,48,21,56,58,53,41,14,4,8,10,14,18,10,11,7,3,5,8,7,9,8,8,4,8,133,104,100,131,143,151,190,6,36,35,35,16,16,15,13,5,340,302,272,468,283,350,132,8,328,324,288,380,457,501,314,2,11,11,10,12,14,14,6,9,357,326,339,317,415,455,155,2,6,7,6,7,6,7,4,2,5,6,6,6,6,6,3,0
856.7976,52.7654,452.0929,527.6819,750.9136,1754.5571,0.428,70.0,47.800000000000004,503.30000000000007,492.41258916280816,492.9,9.89558144020969,97.9225320398225,0,0,2,0,0,0,0,0,0,11,0,0,7,0,1,6,32,5,8,10,5,221,217,76,0,0,0,0,0,0,0,0,0,1,1,3,2,0,0,0,2,0,0,1,0,0,0,0,0,0,0,0,0,0,0,0,0,0,0,0,0,0,0,0,1,0,0,0,0,160,161,1,1,341,138,115,323,441,434,1,1,350,113,117,325,445,445,0,1,107,143,127,332,444,442,0,0,354,383,347,335,455,458,0,5,531,552,510,521,413,409,4,3,1,3,2,1,3,3,4,3,2,2,1,1,3,2,3,0
1009.8041,59.3909,599.7316,544.6374,1607.7419,1561.0101,1.0299,59.0,49.800000000000004,500.8,493.01509522322823,493.7,10.501595929232233,110.28351706086701,2,1,3,0,1,7,4,2,0,5,0,8,8,17,8,8,42,0,17,16,0,219,214,94,3,0,1,0,4,1,0,0,0,6,12,7,4,0,0,0,9,6,8,2,4,0,0,6,0,0,3,1,0,0,0,0,0,1,4,2,0,0,0,0,0,0,0,0,0,152,152,0,0,358,168,130,355,478,478,0,0,146,0,0,105,62,71,0,1,168,191,157,380,495,496,1,2,387,414,376,379,513,516,2,6,559,593,535,564,459,464,7,3,0,3,1,0,2,2,3,3,0,2,1,0,0,1,3,0
1468.6402,42.114,618.5035,638.1946,1004.6243,1489.3114,0.6746,41.0,49.800000000000004,501.7,492.91598718176965,493.40000000000003,11.263694526051085,126.87081437619318,2,4,3,4,1,12,4,15,0,9,3,5,10,16,11,9,34,0,13,9,0,221,212,84,2,7,3,3,3,8,5,1,1,5,6,11,7,16,0,0,0,2,3,4,4,0,0,11,0,4,6,3,0,0,0,0,0,3,5,4,2,0,0,0,0,0,0,0,0,152,153,0,0,420,218,178,406,472,470,1,0,147,0,0,106,62,71,0,1,218,232,196,425,480,480,1,3,455,469,436,439,510,508,2,5,529,544,505,516,474,474,5,3,2,2,1,0,2,1,3,3,2,5,2,1,2,1,3,0
764.6982,52.1218,398.5748,423.2706,927.5402,1404.3459,0.6605,78.0,49.5,501.30000000000007,493.26742092457425,494.0,9.357491861193981,87.56265393231159,2,1,4,3,4,5,6,11,0,1,0,5,5,16,7,6,42,13,22,24,15,232,218,91,2,7,4,1,8,7,1,0,0,5,8,12,7,6,1,0,11,5,10,4,5,0,0,0,0,2,9,3,3,0,0,0,0,3,7,6,3,0,2,0,0,0,0,0,0,153,153,0,0,397,202,173,383,459,459,0,0,147,0,0,105,63,72,0,1,220,239,209,427,496,499,1,3,443,466,443,428,506,505,2,6,528,554,527,511,473,475,5,3,2,3,2,1,2,1,3,4,2,3,3,1,2,2,4,0
688.1731,37.7945,260.0913,324.9365,484.6112,971.8413,0.4987,87.0,47.800000000000004,500.10000000000014,493.86209668025634,494.4000000000001,9.171687882872043,84.11985862082186,0,2,5,1,0,0,2,3,0,2,3,2,0,1,5,6,41,4,21,24,5,227,212,94,1,2,3,0,5,7,4,0,0,3,6,5,6,2,0,0,9,6,15,6,3,0,0,0,0,4,8,5,4,0,0,0,0,1,11,4,6,0,0,0,2,96,102,77,86,354,361,2,1,389,194,150,370,439,439,1,0,157,0,0,115,72,81,0,2,214,233,192,410,475,475,2,1,429,450,407,408,482,475,0,4,490,513,462,464,431,431,3,4,3,4,2,2,3,3,4,4,3,5,3,2,3,2,4,0
1807.0591,44.9024,811.4131,676.2092,1632.2403,969.6369,1.6834,33.0,50.0,502.50000000000006,493.6519649080639,494.1,9.32362113737458,86.92991111329808,3,0,3,3,0,7,6,7,0,5,3,10,7,13,10,6,49,10,19,25,14,228,226,90,3,3,5,0,7,9,8,1,0,6,4,11,13,7,0,0,11,4,10,5,7,0,0,0,0,1,10,5,3,0,0,0,0,6,9,7,6,0,0,0,0,0,0,0,0,153,153,0,0,386,192,160,373,439,441,0,0,147,0,0,105,62,72,0,1,221,243,214,426,489,492,1,3,458,483,450,445,510,510,3,2,465,524,491,483,448,448,3,4,2,3,2,2,2,2,4,3,2,3,3,2,2,2,4,0
763.7687,40.6614,310.5589,366.7622,459.0223,1137.7791,0.4034,79.0,49.6,500.40000000000003,493.3095284513221,494.00000000000006,9.474407916615606,89.76440537042848,2,0,3,2,0,0,0,2,0,0,0,8,0,0,0,2,37,0,9,2,0,210,197,81,1,1,4,0,4,8,3,1,0,3,5,12,13,2,0,0,0,3,4,4,6,0,0,0,0,0,3,0,1,0,0,0,0,0,2,0,7,0,0,0,0,0,0,0,0,152,153,0,0,418,204,176,391,452,456,0,0,147,0,0,106,62,71,0,1,228,232,207,421,482,486,1,3,468,473,448,439,503,507,3,4,510,515,487,484,457,460,4,4,2,2,2,2,2,1,4,4,2,3,2,1,2,2,4,0
764.0508,47.8603,365.6773,441.1094,1000.9182,1423.0659,0.7034,79.0,50.1,502.50000000000006,494.2162535454434,495.0,9.440453655502646,89.12216522169327,3,2,4,3,0,4,5,9,0,6,0,11,3,8,7,5,41,0,0,3,0,212,197,82,2,2,2,1,6,7,8,0,2,5,5,13,10,0,0,0,11,6,10,7,13,4,0,0,0,2,15,5,3,1,0,0,0,9,9,11,3,0,0,0,2,99,100,91,104,392,389,2,0,378,166,153,351,437,436,0,0,157,0,0,115,72,81,0,1,182,187,171,376,451,451,1,1,411,418,400,387,464,463,1,4,518,521,504,494,430,427,3,3,2,4,3,1,3,3,4,4,3,4,3,2,3,3,4,1
784.3561,38.7624,304.0355,333.0483,339.635,1015.6447,0.3344,76.0,50.1,501.9000000000001,493.7451340803223,494.5,9.54819094515248,91.16795032509184,0,0,3,1,0,0,0,0,0,0,0,1,0,0,0,0,38,5,22,28,8,217,210,92,0,0,4,0,4,6,0,0,0,0,0,0,4,0,0,0,0,0,2,5,3,0,0,0,0,6,3,1,0,0,0,0,0,0,11,1,0,0,0,0,0,0,0,0,0,152,153,0,0,449,228,221,423,431,428,0,0,148,0,0,106,62,71,0,1,265,275,264,465,477,469,2,0,508,523,507,486,502,492,4,4,515,524,510,482,487,471,3,3,2,3,3,1,0,0,3,3,3,4,3,2,1,0,2,0
919.4606,54.0199,496.6918,519.3975,1039.658,1567.673,0.6632,65.0,47.800000000000004,501.5,493.6288679523039,494.40000000000003,10.350665387195397,107.13627395768484,4,0,6,2,0,0,0,0,0,4,3,3,1,10,3,0,38,0,20,11,3,220,206,91,1,1,2,2,7,7,0,0,0,7,8,7,9,4,1,0,0,2,5,8,4,0,0,0,0,0,4,0,0,0,0,0,0,0,6,5,1,0,0,0,0,0,0,0,0,152,153,1,1,468,252,243,444,459,453,1,0,148,0,0,107,63,71,0,1,272,276,257,470,481,476,2,4,518,520,511,491,507,502,4,5,511,515,506,483,489,485,5,4,4,4,4,2,2,2,3,3,4,4,4,2,1,1,4,1
1153.9114,73.6525,849.8849,983.6361,3578.5099,1960.6451,1.8252,52.0,50.2,503.00000000000006,494.2160864727389,495.1,10.682674356257301,114.11953140183736,0,0,5,1,0,0,0,0,0,0,0,0,0,0,1,0,25,0,0,0,0,204,197,71,1,0,1,0,4,4,0,0,0,4,11,1,7,0,0,0,2,2,10,5,5,0,0,0,0,0,1,0,0,0,0,0,0,0,0,0,2,0,0,0,0,0,0,0,0,153,153,0,0,447,235,232,440,456,456,2,0,148,0,0,106,62,71,0,1,248,256,250,457,469,469,1,4,493,493,496,485,503,501,3,2,476,484,480,452,492,475,4,3,3,4,2,2,1,1,3,3,2,3,3,2,2,2,3,2
1952.4741,41.3243,806.8453,802.2853,1715.1773,1103.0524,1.5549,31.0,47.6,499.4,491.01175773535226,491.6,9.791285642203459,95.8692745272196,4,3,5,6,0,5,3,2,0,8,6,30,16,3,7,4,38,0,0,2,0,201,201,79,2,1,0,5,9,8,4,0,3,5,6,13,10,7,0,0,2,1,12,12,3,11,0,4,0,0,4,4,1,0,0,0,5,0,9,4,7,0,0,0,0,0,0,0,0,151,153,0,0,418,221,213,422,451,447,0,0,145,0,0,105,62,71,0,1,234,254,246,456,481,479,1,4,479,499,490,481,506,506,3,3,467,491,481,457,466,468,3,3,1,2,2,1,1,0,2,2,1,2,2,1,1,0,3,2
1196.6641,54.5307,652.5499,622.7733,1455.1808,1749.0308,0.832,50.0,48.0,500.5,490.7788613034137,491.4000000000001,9.422244054334191,88.77868301943602,0,0,1,2,0,2,0,0,0,7,0,23,5,12,2,1,35,0,2,5,0,211,203,80,0,3,1,1,5,13,10,0,0,4,20,11,9,11,3,0,1,3,16,6,2,10,0,0,0,3,7,3,0,0,0,0,0,0,9,4,7,0,0,0,0,78,79,82,97,346,342,0,0,427,215,213,421,453,454,0,0,155,0,0,114,71,79,0,0,217,221,221,433,460,463,0,2,443,452,448,439,466,467,1,2,466,474,470,445,436,436,0,0,0,0,0,0,0,0,0,0,0,0,0,0,0,0,0,2
1215.8351,47.9629,583.1497,566.1847,1193.6309,1683.807,0.7089,49.0,49.400000000000006,497.50000000000006,489.7159111811851,490.49999999999994,9.78093237763112,95.66663817579276,1,0,1,2,0,2,0,0,0,10,0,34,11,0,2,0,28,0,2,6,0,220,214,82,0,2,0,5,4,7,7,0,0,2,6,11,9,10,5,0,0,3,18,7,2,10,0,2,0,2,5,2,1,0,0,0,0,2,8,5,6,0,0,3,0,0,0,0,0,150,151,0,0,443,234,229,430,470,472,0,0,145,0,0,104,59,69,0,0,241,247,243,446,486,487,0,3,475,483,478,457,495,498,3,3,507,516,512,481,467,470,4,0,0,0,0,0,0,0,0,0,0,0,0,0,0,0,0,1
855.1927,43.6342,373.1566,383.5759,622.8894,1176.7858,0.5293,70.0,40.300000000000004,418.70000000000005,397.40184497932347,395.09999999999997,11.077993939758915,122.72194972933524,1,15,15,18,25,22,10,3,8,18,30,40,39,23,11,4,8,27,16,27,27,21,9,3,51,86,121,96,118,46,54,61,7,22,21,36,28,17,7,3,54,72,69,95,89,76,74,61,11,17,15,21,16,12,8,2,10,20,23,36,20,16,7,5,5,3,56,55,109,115,118,4,5,4,265,261,289,378,357,5,4,2,41,41,47,24,23,4,4,4,295,283,311,459,455,5,11,12,480,461,491,521,492,12,2,45,505,461,439,369,360,2,0,0,11,12,15,8,6,1,0,0,11,12,14,7,6,1,0
727.6337,56.4336,410.6298,454.7806,1618.0662,627.607,2.5782,82.0,39.1,403.50000000000006,390.04356081760307,391.7,11.378834795366778,129.47788130024972,2,12,14,19,24,21,10,4,11,23,32,36,35,20,10,4,5,32,16,31,31,22,8,3,50,89,122,97,116,44,58,63,6,24,19,37,23,15,6,3,60,79,81,102,91,73,83,64,8,8,12,14,15,11,6,2,6,23,14,28,20,21,7,3,4,3,32,32,38,13,13,4,4,3,257,233,279,319,302,4,4,3,33,33,40,15,14,3,4,4,312,287,331,456,460,4,13,14,493,459,512,526,510,13,1,45,516,461,451,356,353,3,0,0,11,11,15,6,4,0,0,1,11,11,14,6,4,1,1
761.9472,75.7607,577.2564,647.031,1449.5379,1079.4158,1.3429,79.0,40.1,399.2,386.848625918029,386.45000000000005,8.507873000477785,72.38390299225888,1,9,14,18,21,17,6,2,8,16,28,32,33,20,5,4,5,24,13,28,24,14,4,2,49,85,115,92,107,48,59,64,6,19,22,32,20,14,4,2,61,76,83,95,82,72,74,69,4,8,14,15,15,10,5,2,4,12,15,20,16,15,6,3,4,3,30,30,36,11,11,4,4,3,249,217,261,290,274,4,4,2,32,31,37,13,11,4,4,3,267,250,282,483,487,4,14,14,512,486,522,485,466,13,2,43,517,467,450,336,333,2,0,0,10,11,14,5,4,0,1,0,10,10,14,5,4,1,1
864.0863,49.8114,430.4133,466.5257,888.4979,1190.5762,0.7463,69.0,39.400000000000006,747.9,383.31139806307425,387.8,19.638799737638365,385.6824551350647,1,8,12,16,21,14,5,2,10,31,33,32,31,18,5,5,3,35,16,26,24,15,2,3,44,85,119,93,109,44,52,60,9,29,30,28,18,12,4,2,60,78,93,92,83,75,76,64,6,6,11,15,13,10,5,1,8,20,19,25,15,17,6,3,1,3,31,30,35,11,10,4,4,3,212,202,229,270,242,4,4,2,32,32,38,13,11,3,4,4,279,268,297,487,473,3,13,14,512,495,526,468,441,13,0,44,504,461,439,306,293,0,0,0,10,11,14,5,3,0,0,1,11,11,14,4,2,1,0
744.8718,36.5396,272.1731,284.4402,657.9615,757.6113,0.8685,81.0,37.800000000000004,409.2,399.2092491060787,400.0,8.273526301258276,68.45123745761244,2,8,14,18,18,13,7,3,11,45,36,27,28,18,3,4,3,41,21,26,23,16,4,2,49,92,117,95,108,37,53,66,10,32,29,21,16,10,4,2,64,80,100,92,91,86,78,70,3,5,11,12,12,8,4,1,10,11,23,17,14,12,4,2,3,3,30,30,36,11,10,4,5,4,246,225,257,300,289,5,4,3,32,31,37,12,11,3,4,4,273,251,280,446,450,4,13,14,514,487,525,436,424,13,2,45,544,487,470,300,298,2,0,0,11,11,13,4,3,0,0,0,11,10,14,4,3,0,0
2172.86,39.7609,863.9485,877.0677,1607.1899,771.1804,2.0841,28.0,37.7,400.1,363.81982388801083,374.8,32.41841143848306,1050.9534001947693,1,9,13,15,16,9,2,2,8,24,38,25,23,12,0,3,5,53,37,30,23,12,4,2,42,78,109,84,95,23,38,55,9,32,40,28,16,7,3,2,59,93,102,91,92,70,68,62,17,8,15,14,12,6,3,2,15,18,28,22,14,7,3,2,4,3,30,30,35,10,9,4,3,3,220,197,221,252,253,5,4,3,32,31,37,10,11,4,5,5,299,272,294,425,454,5,13,13,512,493,519,408,410,13,3,45,554,511,487,279,295,3,1,0,11,10,12,3,2,0,0,0,11,10,13,3,2,0,3
1244.5404,53.3026,663.3725,672.8276,1243.8693,1654.9598,0.7516,48.0,37.1,391.00000000000006,363.1699492957747,368.1,22.430428717439472,503.1241324481334,2,9,13,14,17,9,3,1,13,29,36,32,35,16,4,3,7,48,23,29,22,10,4,2,54,88,120,93,108,38,50,63,11,33,48,30,22,10,4,1,49,76,88,73,71,60,55,55,7,9,21,13,13,7,3,0,10,38,26,20,16,7,3,2,3,3,30,30,35,10,9,4,4,3,240,224,241,249,241,4,4,3,41,31,37,11,10,3,4,4,275,259,274,420,429,4,13,13,511,486,501,432,430,12,1,45,538,489,454,269,288,3,1,0,11,11,14,3,2,1,0,0,12,11,13,3,2,0,0
1787.0118,50.2997,898.8611,800.0068,2185.6157,1405.0375,1.5556,34.0,38.300000000000004,402.1000000000001,385.9599377394636,389.20000000000005,14.361299881532712,206.24693428731152,2,11,15,21,18,9,3,1,12,59,62,46,34,18,4,4,7,75,43,33,25,14,4,3,59,99,133,103,121,37,51,65,6,29,35,30,18,9,3,2,51,72,78,77,73,74,66,64,11,10,22,15,14,7,3,3,6,17,21,21,16,8,3,2,5,4,174,171,188,139,137,5,5,3,256,249,269,242,233,5,4,4,42,42,47,21,20,4,4,4,289,281,301,379,393,4,12,12,474,463,484,392,382,11,0,43,502,465,432,250,251,1,0,0,11,11,14,3,1,1,0,1,11,11,14,3,1,0,0
848.6061,40.9584,347.5754,380.928,651.3423,941.0473,0.6921,71.0,39.6,401.1,345.87967590301827,375.40000000000003,60.13830724555745,3616.6159983610673,1,13,13,21,23,13,6,2,7,84,41,39,35,29,11,6,6,70,38,33,26,21,6,3,50,95,126,95,113,50,62,65,7,31,33,39,19,11,4,2,61,86,96,92,94,82,73,70,12,15,21,14,13,8,5,2,9,14,27,23,17,11,4,3,6,5,134,137,158,143,163,6,5,4,203,172,214,246,233,5,5,4,42,41,46,22,21,5,5,5,269,236,279,467,469,5,12,12,482,428,489,402,401,11,2,44,519,441,448,285,278,2,1,1,11,9,14,4,3,1,1,0,9,9,14,4,3,1,0
1366.2514,60.2544,823.2263,937.2292,3390.1905,1991.5339,1.7023,44.0,38.7,391.3,361.75685273675066,373.40000000000003,28.153981096161566,792.6466515630227,1,10,13,17,15,11,4,1,11,28,31,27,22,18,5,2,7,56,30,25,22,12,5,1,54,87,124,89,110,33,49,63,7,31,35,36,18,11,9,2,52,79,87,89,80,71,64,55,10,8,25,14,13,8,4,0,6,23,29,21,16,9,3,2,6,5,156,153,181,155,152,6,5,3,220,199,239,243,230,5,4,4,41,41,47,22,20,5,5,5,299,272,314,433,437,5,12,12,478,445,493,439,421,11,2,41,529,464,460,306,306,2,0,0,11,10,14,4,3,1,0,0,10,10,14,4,3,0,1
2316.2877,58.2806,1349.9467,1401.6062,3070.5974,1090.6959,2.8153,26.0,47.400000000000006,488.5,462.0544726083402,461.90000000000003,12.439040730237098,154.72973428849747,6,18,22,26,32,27,15,5,15,43,34,38,38,39,20,8,8,42,29,43,39,37,32,14,24,80,41,60,75,33,53,41,10,40,30,28,42,75,59,17,14,32,0,43,34,62,48,18,10,24,20,28,31,23,15,6,17,36,28,31,28,33,20,13,3,121,93,98,192,139,127,1,4,308,278,266,303,385,372,0,2,58,42,51,48,26,24,2,6,352,331,327,346,465,483,3,14,426,381,409,374,564,558,18,9,395,387,370,533,368,350,11,0,65,33,31,41,31,25,0,0,25,17,18,19,13,11,0,2
2019.3681,83.3478,1683.0999,2140.4821,6755.3449,1375.9507,4.9096,30.0,43.800000000000004,475.30000000000007,453.8112683089215,454.6,12.16372693100727,147.95625285211153,5,22,23,21,27,23,13,5,11,61,42,31,37,36,20,11,10,42,31,39,41,39,35,20,39,69,46,62,74,31,44,39,6,39,29,27,44,86,69,21,14,34,3,45,27,51,52,32,6,21,19,21,24,21,15,4,11,29,26,28,28,36,24,11,5,175,146,150,169,149,179,2,3,289,256,263,302,377,362,0,4,58,41,52,47,26,24,1,6,358,320,337,358,472,486,3,14,421,396,415,381,574,546,17,8,382,381,358,514,347,324,11,0,65,34,29,40,31,23,0,0,27,17,19,20,14,12,0,3
2971.2565,74.7626,2221.3877,1702.2043,3709.1919,867.2442,4.277,20.0,44.2,462.1,444.8841463414634,445.50000000000006,9.468162504488406,89.64610121140016,5,22,23,21,21,18,11,3,15,58,44,33,40,37,19,6,24,60,53,55,64,63,59,31,8,29,21,28,35,0,5,6,9,30,29,25,28,50,40,6,0,11,0,29,14,35,22,3,12,23,21,21,21,19,14,5,17,34,25,38,31,31,18,4,7,131,158,143,161,164,162,0,5,290,257,253,271,353,344,0,2,60,43,52,48,26,25,0,6,366,349,352,354,482,501,2,15,439,399,431,382,572,565,18,6,369,366,360,491,339,325,7,0,70,35,35,37,31,25,0,0,29,18,20,20,14,12,0,3
4112.4028,47.7729,1964.616,1793.2848,2785.6093,328.1667,8.4884,15.0,45.1,460.9000000000001,441.0755692599621,441.80000000000007,9.135054617969534,83.44922287328652,6,22,22,26,29,24,12,4,16,62,44,45,40,40,21,11,37,72,65,71,77,75,78,54,7,30,32,26,39,0,6,12,9,25,32,24,41,58,32,8,4,14,0,42,14,26,20,4,13,29,24,21,26,23,15,4,13,33,29,32,34,32,24,7,0,49,32,42,36,16,13,0,4,286,259,268,272,375,358,0,2,52,34,44,39,18,16,0,6,371,352,367,362,499,516,2,16,446,408,451,387,598,589,39,11,395,391,395,522,375,360,14,0,69,36,37,37,34,27,0,0,29,18,20,20,14,12,0,3
1493.1737,61.7121,921.4694,668.5092,1810.6099,1056.6811,1.7135,40.0,44.0,447.09999999999997,426.27418311973213,427.20000000000005,9.298325537054835,86.45885779304609,0,1,2,0,1,1,1,0,1,0,8,2,3,0,2,0,45,47,55,56,61,57,59,54,0,0,0,0,0,0,0,0,0,5,2,1,5,0,0,0,21,13,5,4,4,223,215,25,1,5,2,3,6,3,1,0,3,17,9,0,7,7,5,0,0,0,0,0,0,0,0,0,0,0,0,0,0,0,0,0,0,0,0,0,0,0,0,0,0,476,463,473,508,484,470,0,5,479,475,486,528,494,477,9,5,471,457,475,504,494,487,8,0,166,124,145,131,112,118,0,0,3,0,0,0,0,0,0,2
2197.2568,44.5145,978.0977,863.7632,2174.7284,935.5451,2.3246,27.0,38.900000000000006,441.2,420.0137315934395,420.80000000000007,9.50117545820207,90.27233508754131,0,0,0,0,0,4,0,0,0,0,0,0,2,5,0,0,30,36,39,44,54,54,56,54,0,0,0,0,0,0,0,5,0,0,0,0,2,0,0,0,15,1,3,0,4,231,225,29,0,0,0,0,2,1,0,0,0,21,9,4,7,10,8,2,0,2,0,0,0,0,0,0,0,279,264,244,320,336,322,0,0,1,0,0,0,0,0,0,0,439,421,429,464,454,463,0,8,459,454,462,502,484,498,9,3,446,433,445,471,474,483,7,0,154,120,142,125,110,118,0,0,8,0,0,0,0,0,0,3
2505.5729,157.2517,3940.0552,3656.513,3881.9914,4815.8191,0.8061,24.0,44.900000000000006,447.9000000000001,426.87619512195124,427.5000000000001,9.400776390406019,88.37459674241522,0,3,4,4,3,0,1,0,2,28,33,6,9,0,0,0,51,66,73,72,76,73,72,49,5,0,0,0,0,0,0,0,0,8,9,25,16,0,0,0,0,0,0,0,0,169,188,0,6,32,8,2,3,3,1,0,5,19,14,20,15,22,7,0,0,6,0,0,0,0,0,0,0,322,337,293,334,347,334,0,0,6,0,0,0,0,0,0,2,487,491,473,485,480,480,0,6,495,513,494,507,492,493,10,2,439,446,439,442,437,439,6,0,165,130,145,126,113,120,0,0,16,3,0,1,0,0,0,2
2056.4446,104.8762,2156.721,2135.9422,5185.0848,1096.3988,4.7292,29.0,41.1,447.79999999999995,423.2641193181819,423.95000000000005,11.088739275185253,122.96013871303595,0,0,0,3,0,0,0,0,0,5,7,8,2,0,0,0,43,54,56,61,72,64,52,51,52,38,18,24,30,31,9,58,0,7,11,8,31,9,0,0,0,0,0,0,0,171,169,0,12,37,17,3,1,3,0,0,2,28,13,24,13,21,3,0,0,6,0,0,0,0,0,0,1,335,343,308,356,371,324,0,0,6,0,0,1,0,0,0,0,478,471,472,482,477,443,0,5,500,501,503,527,501,469,11,2,442,441,449,443,451,424,6,0,167,129,147,129,115,114,0,0,16,3,1,3,1,0,0,3
3885.5828,107.9521,4194.569,5019.4939,5483.995,835.2315,6.5658,15.0,43.6,453.6,424.8661591781161,425.6000000000001,10.140613007713663,102.83203217221153,0,1,0,0,0,0,0,0,1,35,28,2,0,0,0,0,51,77,77,62,78,85,68,61,60,50,39,7,54,15,9,46,2,17,12,8,10,0,0,0,0,0,0,0,0,168,149,0,19,41,13,0,0,0,0,0,10,32,20,33,12,6,0,0,0,7,1,0,9,0,0,0,2,327,358,0,381,370,362,0,1,6,2,0,8,0,0,0,0,466,481,134,500,473,482,0,3,469,495,86,511,476,484,10,2,445,464,115,463,453,464,6,0,168,135,108,167,118,125,0,0,17,5,0,23,2,1,0,3
4626.0793,79.5594,3680.4793,1994.2771,3512.7721,2269.565,1.5478,13.0,41.2,452.0,423.46776574803147,424.00000000000006,10.164052194670793,103.30795701599216,0,2,0,0,0,0,0,0,0,15,12,0,0,0,0,0,61,72,74,75,81,86,73,71,57,43,28,21,43,11,25,63,1,1,5,10,11,0,0,0,0,0,0,0,0,162,157,0,8,30,10,0,1,0,0,0,5,21,17,18,13,8,0,0,0,6,0,0,3,0,0,0,2,315,334,198,360,355,337,0,0,5,0,0,3,0,0,0,4,463,471,372,489,469,468,0,5,458,489,389,516,478,475,11,3,444,453,373,454,444,453,8,0,164,131,133,137,113,120,0,0,15,4,0,6,0,0,0,3
1379.8756,53.1543,733.4626,513.5156,3653.2116,1293.1676,2.825,43.0,44.400000000000006,440.90000000000003,419.5304947083436,419.9,9.150632155329232,83.7340688421453,0,5,2,1,0,0,0,0,1,17,21,2,1,0,0,0,56,74,81,73,87,91,74,65,57,45,30,13,42,12,34,54,3,6,10,12,21,0,0,0,0,0,0,0,0,163,157,0,7,20,3,0,3,0,0,0,7,28,18,20,14,8,0,0,0,6,0,0,3,0,0,0,1,301,324,203,349,348,338,0,0,4,0,0,3,0,0,0,0,461,474,388,493,479,482,0,7,471,490,403,520,486,491,14,2,417,432,363,442,426,431,5,0,164,133,136,137,114,121,0,0,15,4,0,7,1,0,0,1
2548.8404,59.2207,1509.4423,1445.714,2797.6534,847.3403,3.3017,24.0,43.1,441.5,420.07782197229466,420.8,10.08232689258336,101.65331556890963,0,5,2,2,1,0,0,0,2,21,23,9,6,0,0,0,59,77,83,82,87,91,79,68,58,47,6,22,38,7,28,37,5,11,14,22,19,0,0,0,0,0,0,0,0,165,157,0,12,21,8,0,2,0,0,0,11,37,19,22,16,11,0,0,3,7,1,0,4,0,0,0,2,304,316,206,348,342,334,0,0,6,0,0,3,0,0,0,1,458,466,385,488,464,467,0,6,472,489,404,516,481,485,7,5,465,471,402,487,474,474,8,0,165,132,137,137,114,122,0,0,13,4,0,7,0,0,0,3
3938.5866,90.4889,3563.9844,3896.6599,5746.7194,489.4594,11.741,15.0,41.7,436.7,374.24455314648344,385.5000000000001,35.38187336283774,1251.8769626638866,16,27,24,36,58,68,40,30,25,92,80,84,97,130,91,54,21,51,63,72,86,82,129,69,53,86,89,120,97,52,70,80,24,29,44,49,58,69,87,72,16,16,28,41,59,67,43,35,83,38,41,36,51,53,45,28,30,96,67,62,73,77,54,35,9,11,14,202,245,247,234,2,2,10,7,214,279,282,283,4,7,9,13,39,39,38,38,1,7,8,5,365,372,433,244,4,0,0,2,353,447,517,528,0,0,2,4,233,331,274,281,0,25,31,34,366,431,430,430,28,0,14,15,64,62,57,54,0,3
2470.5558,65.4472,1616.91,1304.7399,2941.4857,1061.6947,2.7706,24.0,29.200000000000003,437.1000000000001,354.1186683522967,353.0,34.8344100612001,1213.4361243118392,17,25,26,38,57,69,47,31,33,83,79,85,105,133,84,50,26,52,92,78,82,82,120,88,63,95,102,111,112,69,84,96,23,27,41,39,61,71,87,71,18,19,34,48,52,57,46,33,71,33,41,35,48,49,44,26,36,96,78,63,75,79,55,32,2,7,14,162,189,202,200,5,7,10,14,233,294,306,278,5,7,10,14,41,41,38,36,5,0,5,12,380,379,441,255,3,0,0,2,356,453,525,531,0,0,2,7,252,331,269,285,0,29,32,31,377,433,437,438,27,3,14,15,65,58,56,57,0,3
1854.7725,53.3668,989.8328,1002.8922,3568.9679,1006.8084,3.5448,32.0,40.900000000000006,454.00000000000006,400.0020981550706,403.6,22.265844550192874,495.7678335333538,17,26,28,40,60,72,53,34,31,91,91,90,108,140,100,62,25,50,85,86,94,84,132,76,64,102,107,113,110,77,90,100,25,32,49,50,73,89,87,71,16,20,24,42,57,86,64,37,51,38,44,37,54,57,51,35,29,94,73,67,82,90,61,38,9,6,16,182,228,238,233,6,9,12,15,231,295,323,315,8,8,8,14,41,42,39,37,5,7,9,9,377,365,453,251,0,0,0,3,344,439,514,518,0,0,5,8,284,391,330,335,0,25,28,35,357,419,425,417,28,7,15,16,61,61,59,58,2,2
2712.3903,86.0806,2334.843,2225.9959,2000.3014,1037.4008,1.9282,22.0,37.300000000000004,448.80000000000007,386.897809849348,387.9,21.789313331980534,474.77417547922465,16,25,22,38,57,69,47,34,36,94,89,94,118,140,101,61,22,52,85,86,88,78,124,85,59,97,104,107,111,68,84,94,18,31,47,54,62,82,83,71,10,20,25,42,48,78,60,39,56,39,43,35,49,48,47,31,23,87,65,60,75,77,52,38,9,12,13,197,244,252,247,3,7,10,13,206,273,289,281,1,7,9,12,37,39,36,37,5,6,5,10,372,383,450,253,0,0,0,0,340,423,516,520,0,0,0,7,254,358,292,299,0,25,31,35,346,412,394,413,29,8,11,14,53,53,51,50,5,3
3207.7517,181.3326,5816.6996,7778.3291,9127.0235,1237.4699,7.3756,19.0,38.800000000000004,452.90000000000003,387.1098188859779,385.3,22.98442068477764,528.2835942148342,11,20,16,30,44,68,40,21,23,100,68,76,81,123,83,56,8,41,40,54,82,65,102,69,43,80,83,86,80,42,54,76,16,26,33,34,46,61,60,47,1,6,19,21,23,54,34,17,53,30,33,21,29,28,29,17,23,67,47,52,55,71,45,21,6,8,10,196,236,236,234,4,7,7,11,235,296,293,293,2,0,8,11,37,35,32,33,2,4,0,8,368,369,428,222,0,0,0,3,351,452,514,522,0,0,1,4,248,255,265,258,0,22,21,28,301,350,336,340,23,4,10,11,57,46,43,43,0,3
2091.0328,44.1815,923.8495,765.8325,1699.1967,1189.6772,1.4283,29.0,43.7,440.30000000000007,363.4185499753816,366.70000000000005,27.214459960383948,740.6268309353411,10,23,18,30,43,54,26,20,14,90,112,131,120,135,62,35,12,53,54,55,67,96,82,54,50,87,85,97,92,48,62,76,13,23,26,34,37,67,62,54,0,0,10,33,19,31,26,13,34,33,41,28,33,33,27,15,22,52,43,51,63,69,43,26,7,9,12,202,242,244,245,1,4,3,11,193,249,253,246,1,5,7,11,36,35,32,33,1,4,7,9,386,398,461,263,0,0,0,0,357,456,523,531,0,0,0,0,214,304,243,249,0,22,27,26,306,365,360,355,24,4,10,7,55,47,43,41,0,2
1220.1307,59.6678,728.0252,807.0873,2496.6663,2017.3557,1.2376,49.0,45.800000000000004,442.20000000000005,389.1362585333627,389.20000000000005,25.106230215762785,630.3227956468802,7,20,37,48,52,71,47,24,16,81,88,94,86,136,60,40,13,35,45,65,77,73,95,56,23,49,65,41,38,5,21,54,33,24,62,63,62,55,84,61,7,8,52,65,44,83,68,29,37,15,51,47,53,52,46,21,28,95,84,79,64,103,62,27,4,4,230,193,197,245,243,1,4,11,92,52,53,94,90,0,4,10,63,40,40,39,39,0,3,9,284,375,338,447,258,0,0,5,390,378,433,493,496,0,0,6,344,265,312,263,266,0,28,36,421,402,411,409,403,28,0,4,99,56,61,67,60,0,1
1311.5519,86.8967,1139.6959,1418.4773,4869.5493,1531.8716,3.1788,46.0,44.800000000000004,437.90000000000003,398.88265480253534,399.4,13.497647111437796,182.18647754490507,9,21,42,50,56,73,50,32,15,82,90,93,86,136,62,45,11,36,48,70,86,83,98,66,24,44,85,43,38,3,24,57,30,25,67,67,69,52,95,70,5,20,36,67,45,92,65,33,40,24,50,39,56,55,48,19,29,88,83,91,76,102,64,35,6,13,211,189,202,238,233,0,5,12,305,273,295,356,353,0,5,11,69,42,41,41,37,2,3,10,292,398,366,453,282,2,0,5,369,380,442,468,492,0,0,6,325,264,313,261,262,1,29,37,410,384,418,407,397,31,0,6,99,62,67,70,63,0,1
1595.5727,42.8735,684.0779,651.0389,1196.4521,1213.7733,0.9857,38.0,41.6,442.70000000000005,394.31388101983003,397.6,24.310490378085266,590.9999424229762,6,13,32,43,51,67,46,27,11,95,81,80,82,133,74,51,7,35,37,71,82,69,102,76,10,49,52,39,24,0,12,54,21,26,52,65,70,98,88,70,0,6,32,51,42,69,56,39,34,26,48,41,44,50,44,19,19,66,66,83,78,94,64,32,2,9,215,210,236,271,265,3,7,10,239,221,263,323,308,2,7,10,66,40,40,38,38,2,5,8,242,366,348,462,258,2,0,3,359,383,457,479,471,0,1,3,309,259,327,230,228,0,27,31,348,372,399,353,347,29,0,6,86,56,63,62,51,0,2
1520.3056,54.9442,835.3197,836.6027,2058.2532,1581.219,1.3017,39.0,37.0,448.80000000000007,399.21754660118324,400.00000000000006,17.242485827786204,297.30331752140813,13,21,36,47,54,73,53,35,18,84,85,87,95,135,81,71,17,40,46,65,71,73,90,74,35,52,75,55,35,11,28,49,28,19,53,66,70,76,81,51,12,11,37,31,42,65,59,28,36,34,54,44,48,53,47,18,27,73,78,75,74,84,60,35,12,13,226,215,231,275,282,3,10,12,270,249,272,351,351,3,11,12,69,41,40,39,38,0,9,10,241,353,319,443,257,2,4,4,360,380,425,476,493,0,6,7,343,286,340,276,281,1,29,30,307,310,324,310,308,26,7,12,97,62,66,62,63,0,2
1713.1862,39.8157,682.1175,631.5698,1318.8229,1011.1397,1.3043,35.0,38.800000000000004,422.50000000000006,377.26670670452063,376.70000000000005,16.668505776767056,277.83908483011675,9,17,30,43,53,78,52,35,14,78,56,81,79,127,76,68,7,42,33,62,73,75,96,74,12,45,43,37,28,10,27,62,12,22,50,54,60,84,82,60,1,11,34,43,49,86,60,37,41,22,53,40,41,62,53,27,25,51,70,73,70,93,71,43,9,11,198,180,219,282,273,4,9,10,249,236,274,382,368,6,9,11,68,37,38,37,39,3,6,8,216,329,330,472,268,3,0,3,346,350,459,486,484,0,2,3,305,254,309,237,234,0,28,31,314,330,351,341,333,28,3,8,79,56,63,67,61,0,2
1047.1039,36.0603,377.589,370.2898,546.5374,1203.4713,0.4541,57.0,36.7,402.0,325.8691549912434,345.7,50.49543190818543,2549.7886435941914,9,15,30,43,52,71,53,35,8,70,54,74,83,122,75,68,9,45,32,64,70,75,101,76,11,49,33,31,22,0,20,49,20,21,45,64,62,83,79,63,0,10,30,39,50,80,65,38,41,25,54,40,48,57,53,26,25,47,69,70,69,90,70,48,10,11,184,170,207,268,266,1,0,10,233,218,272,368,366,3,9,2,66,39,40,40,39,0,7,5,173,300,295,437,237,0,2,3,340,358,455,480,472,0,4,6,356,304,360,268,263,0,29,31,316,324,375,338,331,24,0,2,80,55,60,67,62,0,0
1177.2955,48.4362,570.2368,571.9121,806.0019,1591.8962,0.5063,51.0,41.900000000000006,413.20000000000005,360.2551693305019,365.80000000000007,23.67118754890086,560.3251199752392,13,16,30,42,53,78,55,42,15,58,55,73,85,125,74,72,5,52,37,62,72,77,98,73,13,44,43,38,31,10,31,54,21,18,43,54,63,84,81,58,0,9,26,33,44,75,61,36,39,23,52,43,48,63,54,25,24,40,64,69,68,89,67,50,9,10,182,165,200,277,273,5,9,4,221,212,260,378,361,4,9,10,66,40,38,40,34,4,7,8,178,297,284,432,241,3,2,0,339,351,460,467,461,0,2,6,347,298,352,244,244,1,29,31,300,340,386,341,328,28,4,4,77,57,61,67,61,0,1
1267.8476,48.4748,614.5868,612.2802,936.1528,1670.6034,0.5604,47.0,27.400000000000002,379.00000000000006,286.2062015503876,286.5,38.05704803948483,1448.3389054796562,6,10,32,42,49,74,47,24,2,81,68,81,80,125,71,68,8,43,33,58,62,71,86,70,11,33,39,30,23,10,13,57,14,20,45,58,60,72,61,51,0,0,23,23,36,65,58,37,8,12,32,40,44,48,48,25,15,44,57,62,72,78,64,47,6,9,147,122,153,221,227,0,0,5,219,190,250,367,361,4,6,8,66,38,38,39,39,4,4,7,184,295,291,441,251,3,0,3,340,353,452,468,464,0,1,2,350,295,321,232,236,0,20,31,337,342,402,346,352,28,0,1,71,44,58,50,57,0,0
1877.4737,41.6886,782.6929,700.9928,1404.0349,1283.3469,1.094,32.0,31.8,405.3,335.1885226152667,339.4,31.46253298858555,989.890982057834,11,14,38,40,56,80,59,34,17,80,70,77,77,130,94,72,12,44,48,61,65,79,93,66,23,51,73,48,37,6,20,65,31,21,47,64,65,89,73,52,2,10,32,30,32,50,53,35,49,25,56,41,48,57,52,21,24,58,71,72,81,85,65,40,13,13,243,200,240,325,323,6,12,6,258,220,257,374,366,4,8,11,69,39,38,42,40,4,9,4,240,339,317,479,286,5,4,4,360,375,442,474,458,0,1,8,397,317,385,272,269,1,29,30,321,312,344,319,309,27,6,12,98,61,69,71,67,0,1
926.9977,40.7426,377.683,321.7068,643.3577,1257.677,0.5115,65.0,37.2,407.00000000000006,354.90755653612797,359.35,25.87542301068814,669.5375159820493,23,18,18,0,8,14,17,30,15,0,8,0,12,155,173,42,43,56,43,34,43,60,66,71,25,47,43,46,27,164,188,51,7,17,6,0,1,2,2,12,34,20,24,14,12,36,23,36,0,0,0,11,11,4,7,8,14,0,0,7,11,18,21,17,5,3,12,0,2,0,0,5,13,2,5,0,0,356,396,6,13,6,11,0,0,0,0,17,11,2,3,0,0,402,446,13,3,10,5,287,647,0,0,4,6,11,3,386,408,0,0,4,4,12,3,385,392,0,0,4,9,18,5,12,0,9,18,20,0
1514.7333,56.2549,852.1117,870.0464,1817.8984,1541.5565,1.1793,40.0,37.800000000000004,419.1000000000001,342.5333430999121,345.5,26.954600987086657,726.550514373053,6,19,3,1,7,5,10,10,24,23,28,17,25,173,185,48,23,56,58,47,51,40,50,56,46,51,43,50,31,166,171,44,7,18,6,9,13,3,0,10,29,21,34,0,1,33,40,46,0,8,0,9,8,7,0,2,1,0,14,0,0,20,19,12,4,4,10,0,0,0,0,2,5,10,1,0,0,351,449,12,5,13,4,2,5,0,0,5,13,2,9,0,0,383,423,5,3,10,4,340,659,0,0,2,11,9,3,360,388,0,0,12,2,3,9,368,402,0,0,12,14,6,19,0,2,3,20,19,1
1467.8234,46.3112,679.7665,610.3189,1701.801,1463.5226,1.1628,41.0,26.0,406.20000000000005,338.5672855648536,339.1,24.81750555479712,615.9085819623858,20,19,18,1,17,8,8,11,19,51,48,32,25,198,220,66,21,42,59,45,37,30,41,49,17,51,56,7,13,159,174,52,7,20,29,12,0,22,8,6,29,15,36,0,0,33,24,24,8,5,26,0,0,3,0,18,11,1,19,0,0,0,1,17,5,14,33,0,0,0,0,14,3,11,44,0,0,306,391,6,2,5,36,0,4,0,4,18,2,4,54,0,0,410,419,14,7,3,288,7,610,0,0,3,4,13,309,46,366,0,0,3,9,11,339,58,416,0,0,7,19,7,30,0,7,0,0,21,1
1164.3688,36.2921,422.5735,345.7915,642.0146,1070.9094,0.5995,52.0,38.7,474.80000000000007,372.4685895298432,375.1,33.88485170056811,1148.1831747694937,27,41,53,42,30,45,34,44,39,81,96,77,80,236,245,65,45,59,55,60,51,58,56,38,36,68,70,68,57,196,200,49,22,40,51,46,35,49,40,46,41,32,61,11,19,57,58,46,29,14,42,23,23,31,24,20,32,22,40,36,29,36,41,21,11,20,60,10,34,348,354,15,17,13,87,20,28,425,470,11,9,20,59,7,11,18,27,21,7,10,92,25,35,449,464,10,11,21,444,420,660,89,47,6,20,21,446,439,498,96,38,1,20,18,361,390,431,66,29,1,24,24,48,15,18,29,23,5,2
1347.7722,46.5641,627.578,534.1909,1141.104,1307.4902,0.8727,45.0,44.300000000000004,477.0,395.65124508519006,395.80000000000007,24.315577861919472,591.2473267590683,25,43,51,36,41,61,64,38,16,60,66,61,72,237,236,81,30,62,81,81,74,77,92,82,40,76,79,79,64,186,236,90,31,30,33,43,47,86,57,53,15,41,67,20,30,69,80,70,11,13,30,20,19,33,30,22,9,31,44,56,45,41,56,42,21,22,85,17,16,306,317,15,10,14,91,15,21,465,546,26,20,11,63,9,13,23,24,14,8,26,98,22,21,435,474,13,9,22,468,390,656,82,39,7,10,11,424,376,448,87,50,10,21,21,430,410,473,78,36,5,10,12,66,31,38,43,44,25,1
1317.3636,43.7805,576.7488,566.5358,1013.5317,1352.5265,0.7494,46.0,36.2,478.90000000000003,403.0379176379177,403.40000000000003,25.042079938374535,627.1057676399404,33,37,37,24,34,61,65,46,20,45,66,50,73,216,244,84,42,56,65,55,56,68,83,99,36,66,92,73,66,198,233,101,26,17,36,18,29,89,66,53,35,39,57,9,29,65,68,54,0,34,50,30,22,37,32,24,7,40,28,26,21,40,62,44,23,25,64,0,26,309,317,18,9,11,96,0,53,470,552,18,21,21,61,0,14,22,30,24,18,10,90,0,31,434,479,27,13,4,463,20,629,83,30,0,7,18,419,72,433,58,30,1,7,9,428,89,450,63,30,0,10,28,50,0,26,54,48,12,1
1699.2121,50.3963,856.3397,839.5611,1961.0184,1519.0017,1.291,35.0,35.6,462.00000000000006,394.207706945766,394.1,24.641154137636622,607.1864772347665,13,20,19,17,30,50,38,32,17,22,44,23,46,207,208,53,27,43,46,38,50,64,72,45,35,53,52,43,49,191,216,60,12,14,14,14,25,71,35,27,23,26,28,13,21,58,60,42,4,13,16,7,15,26,22,15,12,17,18,13,20,41,35,14,8,9,10,23,27,323,326,12,4,11,9,18,31,433,515,13,7,9,8,12,12,19,22,9,6,8,10,28,25,465,510,13,3,2,4,440,663,90,41,0,10,11,11,397,481,72,27,0,2,2,4,395,425,62,11,0,7,9,8,18,20,35,29,3,2
1053.2641,44.7334,471.1609,447.9453,1023.4664,1236.024,0.828,57.0,27.0,301.6,240.58268053855568,267.00000000000006,51.71615218175734,2674.560396486684,6,9,17,17,14,9,10,14,27,55,64,62,57,44,50,50,27,18,26,23,18,19,21,24,17,67,51,0,25,11,55,35,8,14,18,19,23,11,20,29,21,31,40,33,43,36,55,40,17,19,24,31,19,27,28,22,22,78,64,55,67,28,89,44,13,45,46,33,33,5,33,538,14,52,54,40,40,2,40,12,16,277,292,294,299,4,278,13,14,273,299,262,320,117,425,12,6,325,355,324,359,0,356,4,5,15,18,14,15,3,14,7,25,268,289,293,299,22,291,21,21,228,246,250,254,18,248,19,0
979.5816,36.224,354.8437,315.0621,636.1662,987.4064,0.6443,61.0,16.5,427.09999999999997,167.65986610288937,144.70000000000002,39.047202204883426,1524.6840000290529,6,9,17,17,13,9,8,14,13,41,49,47,43,27,34,40,24,19,27,24,18,21,21,26,11,54,40,0,11,3,39,26,7,15,18,19,22,12,20,29,10,15,24,22,28,24,51,34,15,19,21,28,16,27,28,26,12,67,53,48,61,23,81,34,14,44,46,33,33,4,33,537,14,52,53,40,41,2,40,12,14,291,293,308,308,3,285,12,13,281,295,270,322,118,423,12,4,337,353,336,365,0,356,3,4,15,18,15,13,3,14,7,22,230,238,247,247,20,239,19,21,232,239,251,253,18,244,18,0
1459.1986,69.7834,1018.2784,963.7757,8207.1073,2209.2866,3.7148,41.0,4.9,448.7,64.28967734254078,59.2,39.72517938001152,1578.089876774092,5,9,16,17,13,12,15,11,11,27,35,30,125,97,122,110,13,15,22,20,17,15,15,19,50,117,103,27,72,50,96,79,8,14,18,17,17,10,15,25,19,31,35,32,32,33,34,28,8,15,19,20,14,17,16,15,11,56,41,41,50,34,49,20,14,44,46,34,33,35,35,532,14,52,53,40,40,2,40,12,15,293,300,300,310,3,292,14,14,314,331,295,353,118,456,12,3,335,352,324,367,0,360,6,4,14,17,13,12,2,14,6,19,196,198,201,176,166,220,18,21,210,225,235,242,237,231,19,1
1618.9449,109.2766,1769.1274,2243.0684,6743.9407,1441.4125,4.6787,37.0,9.4,358.40000000000003,55.71323240494626,54.0,22.076918828367074,487.39034495430866,4,9,15,18,10,16,11,36,5,14,20,19,16,15,18,17,5,10,14,19,14,19,24,46,5,31,28,0,0,6,28,15,5,9,15,16,15,16,19,20,5,11,15,19,23,26,42,27,4,11,14,23,15,31,34,28,6,15,17,20,17,18,48,15,13,42,45,31,33,35,33,512,14,50,53,39,40,40,40,12,16,217,283,286,317,307,280,12,14,205,275,240,319,409,407,11,5,258,338,311,371,358,345,5,4,11,15,12,14,14,15,6,26,230,293,299,328,319,301,21,21,177,222,227,244,239,224,17,1
2137.4508,53.3581,1140.504,1189.9445,2477.5084,867.6629,2.8554,28.0,4.7,340.59999999999997,184.1143936214855,276.65,127.19548885944566,16178.692386193366,9,17,24,23,21,25,21,27,16,66,69,77,74,70,68,68,7,11,14,18,14,24,28,52,16,74,75,0,38,52,66,58,6,9,15,17,19,18,23,31,24,39,40,42,42,52,92,62,9,21,15,25,15,38,59,53,19,60,59,66,70,59,79,48,14,43,44,32,32,34,33,489,14,50,51,37,39,40,39,10,16,187,248,268,281,285,240,10,14,185,248,227,290,400,374,9,4,237,315,306,348,347,318,2,4,10,15,12,13,15,15,7,26,221,281,306,318,325,285,19,24,196,249,269,279,286,251,18,3
2293.6249,93.1358,2136.1855,2643.7979,44120.3184,9138.9318,4.8277,26.0,29.900000000000002,337.50000000000006,300.5255277560595,302.0,18.022434145810657,324.8081325400819,7,16,23,26,18,27,23,55,15,55,56,53,47,45,48,43,5,10,14,19,15,24,24,45,12,58,59,0,15,30,44,31,7,8,15,18,18,19,23,30,7,11,15,18,21,29,74,37,8,19,15,26,15,34,59,58,10,13,17,21,17,21,57,20,14,43,44,32,33,35,34,483,14,50,52,39,39,39,41,11,16,167,262,264,283,265,244,12,13,162,253,215,282,373,367,11,4,228,343,314,363,339,330,2,4,11,16,13,12,14,14,7,25,197,283,288,305,295,276,20,25,190,278,286,302,299,272,19,3
2604.4557,84.6622,2204.9885,2087.2588,5672.5353,1325.3546,4.28,23.0,4.9,322.8,223.94344282538898,228.5,71.54627163270722,5118.868984541125,7,9,15,18,11,15,15,36,7,13,18,30,24,23,26,18,7,9,14,19,14,25,34,57,7,30,35,0,0,13,31,22,7,9,14,18,16,17,23,35,8,13,15,21,26,32,100,43,8,19,15,26,15,37,64,68,12,10,15,19,15,20,64,18,14,42,44,33,32,34,35,502,14,50,52,39,39,40,42,10,16,158,257,253,246,254,248,11,13,153,252,209,251,363,376,10,5,221,347,311,328,333,347,2,4,11,15,12,12,13,15,7,28,222,334,336,327,339,335,21,23,174,252,253,248,256,253,19,3
1646.5072,39.5906,651.8628,432.0527,1064.8962,1230.7895,0.8652,36.0,16.400000000000002,366.1,296.577243187778,314.5,69.91226879931183,4887.725328667231,6,7,14,15,12,13,15,13,27,99,104,100,100,104,104,94,6,10,14,20,14,21,31,44,23,86,92,9,55,69,87,70,6,10,15,17,16,17,23,41,8,13,16,20,21,31,104,44,9,21,16,21,14,32,59,58,12,15,19,22,19,21,49,21,14,43,46,32,33,34,33,497,14,50,52,39,39,40,42,12,16,157,256,255,273,266,241,11,14,161,267,231,298,395,390,9,4,250,339,311,359,346,338,1,5,12,16,12,13,13,15,7,29,256,325,334,339,345,319,20,24,173,257,265,277,276,257,18,1
1488.9399,109.2029,1625.9648,1588.8523,5484.4904,1469.5118,3.7322,40.0,35.5,357.1,169.20234667271285,59.300000000000004,132.73158133440077,17617.67268353065,8,9,17,20,11,17,14,40,9,17,23,21,17,17,22,21,6,15,15,21,15,26,34,56,10,36,30,0,0,11,33,30,7,11,16,17,17,18,24,41,13,23,20,26,24,35,99,46,9,28,16,25,15,37,57,55,14,15,17,20,16,30,51,18,16,42,45,32,32,34,34,481,14,51,52,39,37,39,40,10,16,205,261,257,277,269,268,11,14,215,281,237,307,406,421,9,5,268,345,308,357,344,362,1,5,13,15,12,13,14,16,7,28,263,328,331,350,347,346,21,22,201,250,250,264,262,262,18,0
1091.6088,48.0426,524.437,504.4266,1588.9445,1446.8946,1.0982,55.0,40.7,430.70000000000005,397.03433435800423,397.20000000000005,8.711364178088116,75.88786584327686,41,49,57,47,55,64,53,71,61,110,108,118,122,121,103,88,9,13,20,17,17,22,24,26,46,117,77,42,66,89,102,82,3,8,8,8,12,13,14,8,11,16,30,22,39,55,58,23,21,29,44,48,22,53,34,18,55,146,75,123,98,102,101,69,16,42,12,28,28,30,28,487,15,47,12,34,33,35,32,13,16,286,13,300,302,325,288,14,16,321,13,302,349,474,453,14,7,364,6,356,382,400,382,9,5,18,1,14,14,16,16,6,0,28,0,24,20,23,21,0,31,325,30,348,348,375,346,27,1
1291.7919,45.2942,585.1062,516.8664,1340.4058,1190.7284,1.1257,46.0,40.5,424.8,397.92945812807886,398.1,8.221488227315787,67.59286867189206,44,56,60,54,56,56,58,80,34,61,64,86,76,84,68,46,10,14,23,26,20,31,34,34,47,121,64,45,71,92,101,81,4,8,8,8,11,12,15,9,10,16,30,26,39,61,61,26,25,32,49,59,23,48,36,18,56,149,78,119,102,97,109,74,16,43,12,30,29,32,29,507,16,48,12,34,33,34,33,14,16,287,13,295,296,324,288,13,15,317,13,290,337,467,449,13,7,358,7,343,368,394,376,11,4,17,2,15,15,18,16,8,0,29,0,24,22,24,22,0,30,319,30,336,338,369,338,29,1
1092.5863,55.9069,610.8316,674.3302,1873.3103,1743.4487,1.0745,55.0,44.1,468.20000000000005,445.55527019174906,447.50000000000006,18.50867778163794,342.57115322449795,27,50,50,47,58,55,51,56,31,58,68,74,74,84,70,49,14,15,26,19,26,29,31,38,39,107,66,31,48,81,89,78,3,9,7,8,9,11,13,10,9,16,27,24,49,56,67,25,23,35,49,51,29,45,41,20,47,121,73,111,100,95,107,74,19,48,16,36,32,34,32,399,17,52,16,39,37,37,36,16,18,307,18,323,317,320,308,18,15,285,16,265,305,407,414,17,7,364,13,355,377,376,384,18,4,18,3,17,17,18,18,6,0,33,0,31,26,26,26,0,28,279,33,297,296,301,293,31,1
1343.5437,53.3509,716.7931,669.3722,2192.75,1432.429,1.5308,45.0,2.5,27.700000000000003,21.860529464552798,21.9,1.761931409620399,3.1044022922069265,8,10,17,19,16,17,17,6,14,42,50,152,119,108,73,23,23,80,42,165,124,138,81,36,11,43,33,38,40,53,50,17,7,10,15,16,16,15,13,5,17,54,49,84,168,166,126,27,17,62,40,68,61,84,42,12,12,20,37,26,26,25,25,7,31,40,431,405,430,428,372,24,19,27,36,29,30,31,31,0,22,32,538,460,456,489,502,16,19,28,44,39,41,40,36,0,0,38,95,57,64,61,52,0,7,10,14,17,14,16,13,6,7,12,63,45,50,47,39,0,12,5,47,33,36,33,27,0,1
1043.4377,59.1098,616.7743,687.5105,1777.4918,1975.8707,0.8996,58.0,2.1,29.500000000000004,21.91350768401186,22.1,1.8754428444435751,3.517285862774608,13,18,18,15,14,14,13,7,18,40,40,128,92,83,59,17,23,53,35,116,86,75,39,30,18,47,27,29,30,35,39,10,14,18,15,15,14,13,11,5,20,47,34,83,146,152,73,19,24,63,38,63,53,69,32,6,19,28,31,21,22,19,17,2,315,237,407,398,398,402,348,26,60,49,33,30,28,29,28,0,319,258,529,451,425,468,476,19,64,52,41,36,36,38,35,0,93,82,70,61,59,61,39,0,18,17,14,15,13,13,12,5,68,47,57,48,45,46,38,0,42,27,41,32,33,31,26,0,1
1576.1443,55.6758,877.531,999.9114,2107.9696,1062.4986,1.984,38.0,2.8000000000000003,29.6,23.9025381378222,24.1,1.4413330475513662,2.0774409539637086,8,15,19,17,16,14,14,6,13,43,48,147,123,108,79,26,19,77,41,138,119,110,65,31,10,47,39,41,46,43,44,10,8,15,17,15,15,15,12,5,17,69,40,97,172,152,113,16,18,54,40,76,63,66,37,7,11,29,28,23,24,20,16,3,37,280,419,402,421,416,355,31,19,55,34,29,31,30,28,0,21,247,503,434,426,447,458,16,18,61,40,38,40,39,34,0,0,95,81,61,67,64,52,0,7,17,13,15,15,14,12,6,7,58,55,46,52,47,35,0,14,33,36,31,33,28,21,0,1
2431.9332,76.5354,1861.2892,1892.1365,6598.8523,1370.7595,4.814,25.0,3.0,30.8,23.775549960243836,24.100000000000005,1.8212217121308834,3.316848524736946,9,14,18,17,17,16,15,6,14,43,49,139,122,108,85,27,22,86,44,152,127,115,66,35,12,51,39,43,47,45,45,10,8,15,17,16,16,14,12,5,16,66,39,101,171,163,101,13,21,55,41,75,68,74,38,8,12,31,31,23,25,21,20,2,36,254,430,403,428,414,360,25,20,54,34,29,31,30,29,0,26,251,512,434,429,448,467,11,17,59,42,38,40,37,36,0,0,91,86,58,69,59,51,0,9,17,14,16,15,14,12,6,7,54,58,44,52,45,38,0,14,32,40,34,36,32,26,0,2
1597.4469,92.4008,1476.0538,1738.5413,4358.8267,1127.6035,3.8656,38.0,5.800000000000001,72.5,46.625371965544254,46.80000000000001,5.664239339766267,32.08360729815579,14,18,18,14,12,13,13,7,20,29,29,31,18,24,22,9,22,46,32,68,71,79,64,21,19,42,30,28,33,34,34,12,14,18,16,13,12,13,12,5,9,15,12,33,104,140,139,23,14,36,27,48,20,30,22,5,18,24,30,23,26,25,26,8,368,346,453,425,416,437,390,29,59,54,29,27,25,27,29,0,336,300,484,414,381,434,442,7,68,57,38,33,34,36,35,0,92,80,73,56,52,58,59,0,7,16,10,13,11,12,12,6,0,59,66,45,45,47,44,0,37,22,36,27,27,27,24,0,1
1812.0598,63.7259,1154.7507,1139.5891,7951.4778,2906.7912,2.7355,33.0,1.9000000000000001,64.9,40.15127024722933,40.2,3.961532702531168,15.6937413532239,8,8,15,16,14,14,17,9,15,41,48,152,120,112,99,42,18,67,37,116,83,89,79,50,13,39,26,35,39,48,63,46,8,9,14,15,15,15,14,7,14,32,27,53,113,126,142,47,21,48,41,74,83,117,73,36,15,28,43,27,32,43,54,21,27,31,436,415,424,438,390,30,19,23,35,28,27,29,30,1,15,20,536,460,438,484,505,15,19,25,46,35,35,37,37,1,0,29,82,43,46,47,46,0,7,9,13,14,14,14,15,8,3,9,77,43,47,48,42,0,9,5,68,42,43,42,36,0,1
1401.0411,44.6935,626.1744,555.2977,1282.4485,1224.6921,1.0472,43.0,5.5,71.0,51.34329068729545,51.70000000000001,4.967966148633825,24.680687653971596,8,8,15,15,14,15,15,9,16,25,40,76,104,73,68,44,34,71,40,442,85,80,73,39,14,50,39,37,42,47,69,37,7,9,14,15,14,15,14,7,17,35,28,53,129,155,138,40,26,45,41,80,82,119,71,29,17,30,43,28,32,42,49,20,31,36,438,407,421,434,406,32,20,25,34,27,28,28,31,1,18,23,530,442,430,470,510,15,19,26,43,33,35,36,37,2,2,30,79,37,42,43,46,0,7,9,13,14,13,14,15,7,3,10,77,45,51,50,48,0,11,10,41,25,28,27,24,2,1
1126.2916,57.6826,649.6747,689.0559,1329.5111,1776.3816,0.7484,53.0,6.300000000000001,82.3,58.29248506571088,59.000000000000014,4.996010562687897,24.960121542489038,7,9,14,15,13,15,16,9,19,50,45,172,104,114,91,32,20,68,38,111,88,97,85,45,15,52,33,39,47,55,76,48,6,9,14,15,13,16,15,7,19,38,33,54,123,147,140,51,24,51,42,78,86,124,78,30,17,32,47,31,35,47,60,30,31,37,442,420,413,438,407,35,20,25,34,27,26,29,31,3,16,22,503,426,392,449,487,15,19,25,43,35,34,37,37,3,2,29,80,38,38,45,46,0,7,9,13,14,13,15,15,8,4,10,77,48,48,52,49,0,11,9,42,28,25,28,25,3,0
2572.3228,55.8967,1437.8435,1589.3413,2935.2564,832.9723,3.5238,23.0,3.2,77.9,46.13081490581491,45.699999999999996,3.2198291612023464,10.367299827329004,12,18,18,15,14,16,16,12,18,41,41,110,87,62,41,22,18,77,40,106,87,104,72,33,19,56,52,49,35,32,54,33,19,92,38,55,91,111,54,36,1,32,17,68,126,119,122,23,25,82,49,73,95,131,67,34,27,41,47,30,30,31,30,22,301,316,403,366,409,395,372,43,58,55,30,25,27,28,31,0,292,314,509,417,431,451,497,37,62,59,38,31,37,35,37,0,104,104,108,73,101,87,89,0,16,20,14,14,14,15,15,8,81,67,88,60,84,68,67,0,81,60,86,60,78,62,62,0,3
2156.1193,65.2014,1405.8196,1472.0476,5277.927,1543.1749,3.4202,28.0,3.1,86.30000000000001,48.4076041998091,48.0,4.150067878710891,17.22306339790791,10,18,20,15,15,15,15,11,17,40,41,116,82,59,35,18,16,66,39,113,100,111,68,26,18,60,53,52,35,34,40,24,20,98,43,53,98,136,50,29,0,29,18,71,123,111,109,18,23,84,53,66,80,108,53,22,22,47,46,30,28,30,29,20,238,352,397,373,407,395,373,46,56,63,40,34,38,35,37,0,230,322,502,428,436,456,499,41,57,71,50,43,51,47,47,0,74,110,96,71,92,80,83,0,14,21,14,15,17,16,15,7,56,78,81,62,81,67,68,0,58,77,75,59,73,60,58,0,2
3585.8729,65.1677,2336.8294,2170.0406,4038.0533,434.7328,9.2886,17.0,5.6000000000000005,99.8,48.58870663650076,48.0,5.036966917991658,25.37103573294238,18,20,21,17,17,16,18,9,18,41,46,129,84,71,45,20,17,77,45,111,94,120,77,31,19,57,55,53,45,42,63,36,16,82,38,53,97,146,59,32,0,23,18,57,127,124,117,23,18,64,40,58,71,134,57,26,19,35,36,29,35,33,34,20,298,352,402,371,409,391,380,39,64,65,40,35,37,37,40,0,293,347,514,425,436,453,504,43,67,70,50,42,50,46,49,0,103,115,103,74,97,83,88,0,16,21,14,14,15,16,15,7,75,82,84,61,81,66,68,0,69,67,76,57,72,59,59,0,3
1540.1637,46.3471,713.8206,634.5756,1661.2275,987.9794,1.6814,39.0,4.9,83.30000000000001,49.09109394062627,48.2,5.083391409458522,25.8408682217567,9,13,18,15,14,17,16,10,14,40,41,118,80,60,43,20,17,66,39,117,102,152,81,36,12,47,33,37,48,46,62,42,17,83,46,53,98,164,56,38,0,19,18,53,126,124,109,24,17,58,38,54,87,142,55,25,14,50,42,27,37,29,33,16,53,313,409,377,424,403,381,43,14,67,41,32,37,36,38,0,49,313,500,421,433,446,503,46,12,72,52,42,50,48,48,0,3,125,106,69,101,83,84,0,9,19,14,14,16,16,16,10,0,100,91,57,84,66,63,0,15,94,85,56,78,60,58,0,0
2207.1739,50.7441,1120.0112,885.2256,2027.9039,1175.6866,1.7249,27.0,4.5,157.7,49.67714546561169,44.60000000000001,15.011935539768773,225.35820865017274,13,19,8,2,2,5,4,9,21,32,24,18,15,17,21,11,22,81,36,77,107,120,86,26,21,29,10,18,15,15,16,19,17,29,18,34,35,67,44,23,11,41,15,55,76,114,142,60,20,78,41,57,44,87,90,27,32,40,29,26,23,18,20,21,407,409,375,364,395,398,367,125,69,66,8,7,7,8,9,0,393,392,447,461,443,457,473,119,80,78,16,17,15,18,21,4,168,145,66,54,65,59,48,0,18,20,10,10,12,11,10,8,135,115,18,222,236,227,3,0,129,105,66,58,75,62,52,0,3
2428.7704,69.9313,1698.4698,1953.497,6211.4877,1338.9023,4.6392,25.0,6.7,96.3,66.1715491851561,66.10000000000001,6.529540893191107,42.63490427585492,7,13,8,2,2,3,0,2,13,31,28,20,17,18,11,19,10,80,26,69,99,99,80,19,12,29,11,13,12,13,11,19,13,27,16,38,43,85,62,31,9,40,16,55,81,114,139,56,14,71,40,51,46,70,71,28,13,57,26,18,20,15,5,34,57,357,330,330,347,345,0,75,17,71,15,14,13,13,0,30,37,362,431,448,422,428,436,79,14,85,23,23,23,23,26,10,0,154,60,48,54,45,39,5,7,19,10,10,10,10,11,9,0,157,29,235,242,232,8,0,0,151,79,70,80,65,0,28,3
1595.1309,39.3278,627.3297,532.8429,1108.6022,1025.0136,1.0815,38.0,7.300000000000001,106.5,65.19415881176808,64.9,5.535219105152507,30.63865054204532,7,13,7,1,1,3,5,11,16,32,29,21,19,20,25,11,33,64,31,46,88,74,56,16,8,27,10,12,12,12,14,15,10,22,15,38,40,88,79,37,12,40,13,53,77,133,160,59,17,68,36,52,63,91,87,20,21,46,26,20,27,25,27,17,180,376,368,359,383,398,380,109,48,69,12,11,11,14,15,0,273,316,367,388,361,394,124,64,0,83,20,21,18,22,27,0,0,168,49,58,62,62,57,0,15,19,10,9,9,11,11,8,74,127,21,221,231,232,15,0,127,119,74,68,78,73,70,0,1
2639.5533,66.6379,1758.9421,1626.2122,4396.2181,781.2737,5.627,23.0,4.7,131.0,78.8346823956443,78.6,9.354243019463711,87.50186246718557,10,16,7,2,1,3,4,11,31,43,40,33,30,33,39,21,21,65,33,50,4,0,76,25,25,36,18,21,19,20,22,17,17,32,22,49,50,119,122,42,13,39,15,52,74,119,140,47,14,75,36,51,52,78,71,13,26,51,29,29,33,28,36,25,302,400,377,353,390,398,381,128,71,70,13,12,11,12,17,0,277,375,436,447,437,457,481,84,75,85,22,21,20,22,28,0,99,148,56,44,58,54,52,0,15,21,11,10,11,12,13,9,79,131,22,226,241,235,19,0,84,126,71,56,75,72,68,0,3
1674.9689,63.5495,1064.434,1089.2014,2488.3775,1475.8645,1.686,36.0,11.100000000000001,364.20000000000005,156.28585534435942,113.40000000000002,90.82567901903967,8249.303969269622,13,18,8,3,2,3,6,12,89,111,107,101,99,103,111,93,34,98,48,98,117,118,119,50,59,75,54,60,57,63,63,64,19,36,19,45,41,90,115,50,19,43,21,62,77,126,144,59,16,67,32,51,56,85,85,23,70,101,83,73,76,75,81,70,368,410,360,358,386,392,376,132,66,64,5,6,5,6,11,1,327,368,410,434,419,431,456,75,74,75,12,13,11,12,19,2,137,142,47,47,56,52,55,1,17,20,10,10,11,13,13,10,116,127,20,226,239,232,19,0,118,120,67,67,82,71,67,0,2
993.8721,109.6692,1089.9714,1250.3924,909.8241,498.5122,1.8251,60.0,3.1,100.39999999999999,43.01227456258412,38.7,15.104175888848673,228.1361292812776,19,23,21,17,32,17,33,6,17,56,38,83,71,65,53,24,16,96,47,102,73,72,64,28,17,30,27,31,29,27,25,22,15,42,26,45,50,67,48,38,15,37,22,68,77,86,66,30,21,87,49,72,64,116,92,32,19,55,46,40,40,47,53,23,392,389,406,395,418,436,375,14,28,30,16,16,16,17,15,6,342,375,326,386,497,494,464,10,28,32,17,17,17,16,15,4,23,27,20,21,20,19,18,0,15,20,15,15,15,15,13,5,24,28,20,21,20,20,17,0,22,24,18,20,18,18,15,1,0
1823.8298,87.1534,1589.5303,1589.1515,3611.1135,1228.6955,2.939,33.0,5.6000000000000005,99.50000000000001,62.633173026659705,59.6,8.946268860460352,80.03572652364257,19,26,24,19,33,19,38,6,20,61,45,94,90,102,92,43,22,96,52,112,87,101,95,51,21,33,28,31,30,28,32,21,20,46,34,55,50,99,85,64,6,27,14,62,82,108,103,59,23,76,50,62,66,90,105,53,29,65,53,46,37,52,81,34,382,449,465,442,461,460,432,18,28,32,18,18,18,19,18,8,367,426,383,421,546,526,500,15,29,33,19,20,19,17,17,5,23,28,22,22,21,21,19,1,16,21,17,17,16,16,16,7,25,28,23,22,21,21,23,2,21,25,20,19,19,19,18,3,1
933.9972,46.3368,432.7848,436.2099,1028.5517,1152.6831,0.8923,64.0,4.800000000000001,75.8,56.8798703928716,56.7,2.449114333807023,5.99816102005902,19,26,26,18,35,19,39,9,19,63,57,83,95,99,90,56,16,42,32,43,38,40,34,22,21,38,32,35,34,36,35,27,22,49,36,60,52,97,74,57,16,43,30,84,86,116,97,56,23,86,55,67,81,106,98,54,25,69,54,51,44,55,79,32,394,432,474,451,480,468,434,17,29,32,19,19,19,18,17,8,363,395,374,424,546,513,487,14,30,32,19,20,19,19,17,6,27,27,23,23,22,20,20,0,16,20,16,17,16,16,15,7,23,25,20,23,18,20,19,3,23,9,21,20,21,20,18,2,0
2391.6951,71.6009,1712.4746,1874.5252,2904.3693,556.5551,5.2185,25.0,5.9,128.9,42.67551671064204,52.10000000000001,23.10328482579491,533.7617697418052,16,20,20,15,21,15,25,8,19,70,40,91,86,100,104,37,20,98,52,103,81,95,78,49,19,35,26,31,28,30,33,27,21,47,38,59,50,92,72,60,16,37,30,73,77,105,93,52,26,74,53,63,69,89,89,46,23,68,52,42,35,44,67,30,431,438,465,455,475,449,432,17,31,32,18,19,18,18,17,8,395,398,363,412,539,498,482,14,31,33,19,19,19,11,17,6,26,28,23,23,22,20,20,10,17,21,17,17,16,16,15,7,27,28,23,24,22,20,20,2,24,26,20,20,19,18,19,3,2
1962.2628,75.0888,1473.4397,1498.7092,4896.7094,1274.9783,3.8406,31.0,2.4000000000000004,67.2,36.12161920714685,33.900000000000006,10.345127836973123,107.0216699633162,17,19,20,15,24,15,28,7,19,70,42,101,94,111,86,33,21,98,50,97,85,102,68,45,18,34,32,31,28,34,26,25,20,49,42,59,53,106,65,47,16,41,32,74,81,109,86,45,27,78,53,63,70,90,80,38,25,66,58,44,42,48,60,32,435,442,473,459,486,453,451,18,30,31,19,19,19,19,18,8,375,379,348,394,525,481,475,12,31,33,20,20,20,19,17,6,26,28,23,24,23,21,21,0,16,20,17,17,17,17,15,8,28,29,23,24,23,21,21,1,22,23,20,20,19,18,17,4,2
1594.9861,92.7796,1479.8216,1411.286,8986.1623,2071.4472,4.3381,38.0,3.3000000000000003,113.4,32.81646649810367,30.900000000000002,11.11357305912801,123.51150614057589,15,20,20,15,18,16,25,9,17,67,48,83,88,98,93,36,20,99,54,92,82,90,65,40,18,37,30,33,32,34,30,22,21,55,39,71,63,97,67,41,17,42,39,78,88,107,76,34,28,90,60,64,69,81,73,32,22,70,66,45,39,40,40,25,439,428,464,442,466,455,409,17,31,32,19,19,19,19,16,7,390,379,354,394,523,493,455,12,32,33,20,20,21,19,17,5,25,28,24,24,23,22,19,0,17,21,17,17,16,17,15,6,28,29,24,22,23,21,19,1,25,26,21,20,20,19,17,2,3
1505.7387,57.223,861.6286,902.2858,2519.7124,1238.3588,2.0347,40.0,3.9000000000000004,108.60000000000002,25.529053708439896,23.8,7.320764489496326,53.5935927106704,17,20,20,15,22,15,19,6,20,64,47,80,81,91,95,44,24,101,60,97,80,96,74,42,21,35,27,33,32,34,34,26,25,57,51,69,62,97,68,51,18,42,43,82,92,106,85,45,33,95,61,70,75,95,85,38,26,75,73,45,43,45,44,26,437,440,462,455,474,453,397,17,31,34,19,19,19,19,16,7,388,391,351,403,527,492,443,12,33,34,22,20,19,19,16,6,28,31,24,27,23,21,19,0,17,21,17,17,16,17,14,6,28,30,24,25,24,22,18,1,24,26,21,20,18,19,17,3,0
2738.1764,85.7292,2347.4173,2855.711,9629.4197,1892.4314,5.0884,22.0,3.2,35.7,26.500260966819933,25.900000000000006,2.365052751779303,5.593474518698853,20,21,20,17,27,16,31,6,21,59,43,81,82,92,108,49,22,92,57,92,74,105,80,48,23,37,26,34,27,36,33,29,23,48,46,61,53,96,72,46,18,41,46,82,82,115,92,46,34,77,54,60,76,92,90,43,26,65,68,48,44,50,55,22,439,433,467,452,479,463,413,18,32,32,20,21,20,19,18,8,402,395,365,411,541,510,466,13,33,34,21,22,21,21,18,6,28,28,25,25,24,23,20,0,17,20,18,18,17,17,16,7,28,29,24,24,23,22,20,3,25,26,22,22,22,21,19,2,3
7229.3574,115.3235,8337.1451,8240.31,4505.6549,2658.8815,1.6946,8.0,2.7,126.9,26.42845365418895,24.299999999999997,13.600054773963375,184.961489854804,21,23,21,16,29,16,35,3,18,63,52,77,89,98,116,64,13,21,22,16,16,16,16,9,15,23,21,20,19,21,19,11,21,59,46,70,64,103,81,49,16,55,49,104,97,124,103,53,30,97,60,74,94,133,115,56,25,73,65,53,52,62,71,32,402,442,481,470,481,479,421,18,32,34,21,21,20,21,19,8,379,415,390,438,556,536,495,15,33,36,22,22,21,22,20,6,28,30,27,26,25,24,22,0,17,21,18,18,17,18,16,7,28,31,28,26,24,25,21,1,22,25,21,20,20,22,18,5,0
5286.793,98.1912,5191.1644,3972.5316,5799.9067,3223.596,1.7992,11.0,8.200000000000001,125.00000000000003,92.02123758594347,88.4,22.384783683600386,501.0785405615821,22,21,21,15,27,16,35,3,19,65,46,94,82,93,119,45,22,106,59,88,83,126,77,42,19,32,24,24,21,24,20,11,20,47,46,53,53,77,46,25,8,29,34,80,90,112,87,21,24,76,44,56,72,93,64,22,25,66,66,42,41,35,30,14,435,435,483,473,495,497,474,20,32,33,20,21,19,21,20,6,366,344,352,406,529,519,471,8,33,34,22,22,22,21,19,4,29,29,26,25,25,24,21,0,17,20,17,17,17,18,17,6,30,29,25,25,24,23,22,0,24,26,22,21,20,20,18,3,0
